,1,2,3,4,5,6,7,8,9,10,11,12,13,14,15,16,17,18,19,20,21,22,23,24,25,26,27,28,29,30,31,32,33,34,35,36,37,38,39,40,41,42,43,44,45,46,47,48,49,50,51,52,53,54,55,56,57,58,59,60,61,62,63,64,65,66,67,68,69,70,71,72,73,74,75,76,77,78,79,80,81,82,83,84,85,86,87,88,89,90,91,92,93,94,95,96,97,98,99,100,101,102,103,104,105,106,107,108,109,110,111,112,113,114,115,116,117,118,119,120,121,122,123,124,125,126,127,128,129,130,131,132
fuding,ki⁴⁴⁵,pʰi⁴²,,mi²¹²,,,tsui⁴⁵,tsi⁴⁴⁵,tʰi²¹²,,,kie⁴⁴⁵,puoi⁴⁴⁵,tɛ¹¹,pʰu²¹²,ŋu²¹²,tsʰiu⁴⁵,ʒiu⁵³,,uo⁴⁴⁵,ŋu¹¹,,,huo¹¹,,to⁴⁴⁵,mo²¹²,,ma⁴⁵,tsʰia²¹²,,ua¹¹,sua⁴⁴⁵,ua⁴⁵,tua¹¹,tai⁴²,sia²¹²,kʰi²¹²,ŋia¹¹,toi⁴⁵,soi¹¹,teu²¹²,,tʰau²¹²,tsʰau⁴⁵,lai²¹²,ma²¹²,tsa⁴⁵,tsʰiou⁴²,,seʔ²³a,tseiŋ⁴⁴⁵,,nieŋ⁴⁵,tsaŋ⁴⁴⁵,aŋ⁴²,saŋ⁴⁴⁵,taŋ⁴²,aʔ⁵,iʔ²³a,,miŋ⁴²,tsʰiʔ⁵,niʔ²³a,piŋ⁴⁴⁵,siŋ²¹²,tiʔ²³a,,peiŋ⁴⁵,tsʰeʔ²³b,kiŋ⁴⁴⁵,,kieŋ⁴⁴⁵,pein⁴²,peʔ⁵,,nieŋ²¹²,tʰieʔ⁵,sieʔ²³a,heʔ⁵,suŋ²¹²,tsʰuʔ⁵,,koʔ⁵,koʔ²³a,souŋ⁴⁴⁵,louŋ¹¹,puoŋ¹¹,tʰoʔ²³a ,tsuoŋ⁴⁴⁵,ŋuoʔ²³a,kaŋ⁴⁴⁵,saŋ⁴⁵,saʔ⁵,,siaŋ²¹²,,muaŋ⁴⁵,puaŋ⁴²,muŋ⁴²,meʔ²³a,luŋ²¹²,tsuŋ⁴²,tuʔ⁵,tsuʔ⁵,nuʔ²³a,pʰuŋ⁴⁴⁵,,,neiŋ²¹²,teiŋ¹¹,puʔ⁵,keʔ⁵,leʔ²³a,touŋ²¹²,laŋ¹¹,so⁴²,,loʔ²³a ,,sioŋ¹¹,sie²³b,nie²³b,tsʰaŋ⁴⁴⁵,paŋ²¹²,tsaŋ⁴⁵,paʔ²³a,miaŋ²¹²,,,huaŋ²¹²,
bailin,ki⁴⁴,pʰi²²¹,,mi⁴¹,,,tsui⁴⁵,tɕi⁴⁴,tʰi⁴¹,,,kie⁴⁴,puoi⁴⁴,tɛ³³,pʰu⁴¹,ŋu⁴¹,tɕʰiu⁴⁵,tɕʰiu²²¹,,uo⁴⁴,ŋu³³,,,xuo³³,,tɔ⁴⁴,mɔ⁴¹,,ma⁴⁵,tɕʰia⁴¹,,ua³³,θua⁴⁴,ua⁴⁵,tua³³,tai²²¹,θia⁴¹,kʰi⁴¹,ŋia³³,toi⁴⁵,θoi³³,teu⁴¹,,tʰau⁴¹,tsʰau⁴⁵,lai⁴¹,ma⁴¹,tsa⁴⁵,tɕʰiəu²²¹,,θeʔ⁵,tseŋ⁴⁴,,nieŋ⁴⁵,tsaŋ⁴⁴,aŋ²²¹,θaŋ⁴⁴,taŋ²²¹,aʔ²,θieʔ⁵,,miŋ²²¹,tɕʰiʔ²,niʔ⁵,piŋ⁴⁴,θiŋ⁴¹,tiʔ⁵,,peŋ⁴⁵,tsʰeʔ⁵,kiŋ⁴⁴,,kieŋ⁴⁴,pen²²¹,peʔ²,,nieŋ⁴¹,tʰieʔ²,θieʔ⁵,xeʔ²,θuŋ⁴¹,tsʰuʔ²,,koʔ²,koʔ⁵,θoŋ⁴⁴,loŋ³³,puoŋ³³,tʰoʔ⁵ ,tɕioŋ⁴⁴,ŋuoʔ⁵,kaŋ⁴⁴,θaŋ⁴⁵,θaʔ²,,θiaŋ⁴¹,,muaŋ⁴⁵,puaŋ²²¹,muŋ²²¹,meʔ⁵,luŋ⁴¹,tsuŋ²²¹,tuʔ²,,nuʔ⁵,pʰuŋ⁴⁴,,,neŋ⁴¹,teŋ³³,puʔ²,keʔ²,leʔ⁵,toŋ⁴¹,laŋ³³,θɔ²²¹,,loʔ⁵ ,,θioŋ³³,θio⁴⁵,nio⁴⁵,tsʰaŋ⁴⁴,paŋ⁴¹,tsaŋ⁴⁵,pa⁴⁵,miaŋ⁴¹,,,xuaŋ⁴¹,
xiapu,ki⁴⁴,pʰi³⁵,,mi²²,,,tsui⁴²,tsy⁴⁴,tʰy²²,,,ke⁴⁴,poi⁴⁴,tɛ²¹²,pʰu²²,ŋu²²,tsʰiu⁴²,tsʰiu³⁵,,u⁴⁴,ŋu²¹²,,,y⁴²,,tɔ⁴⁴,mɔ²²,pa²¹²,ma⁴²,tsʰia²²,,ua²¹²,sua⁴⁴,ua⁴²,tua²¹²,tai³⁵,sia²²,kʰi²²,ŋia²¹²,toi⁴²,soi²¹²,tɛu²²,,tʰau²²,tsʰau⁴²,lai²²,ma²²,tsa⁴²,tsʰeu³⁵,,saiʔ²,tsaiŋ⁴⁴,,neiŋ⁴²,tsaŋ⁴⁴,aŋ³⁵,saŋ⁴⁴,taŋ³⁵,aʔ⁵,siʔ²,,miŋ³⁵,tsʰiʔ⁵,niʔ²,piŋ⁴⁴,siŋ²²,tiʔ²,,paiŋ⁴²,tsʰaiʔ²,kyuŋ⁴⁴,,keiŋ⁴⁴,xuaŋ⁴²,paiʔ⁵,,neiŋ²²,tʰeiʔ⁵,seiʔ²,xaiʔ⁵,suŋ²²,tsʰuʔ⁵,,kouʔ⁵,kouʔ²,souŋ⁴⁴,louŋ²¹²,pouŋ²¹²,tʰouʔ⁵,tsouŋ⁴⁴,ŋouʔ²,kaŋ⁴⁴,saŋ⁴²,saʔ⁵,,tsouŋ²²,,muaŋ⁴²,puaŋ³⁵,maiŋ³⁵,maiʔ²,luŋ²²,tsuŋ³⁵,tyuʔ⁵,tsyuʔ⁵,nyuʔ²,pʰuŋ⁴⁴,,,naiŋ²²,taiŋ²¹²,puʔ⁵,kaiʔ⁵,laiʔ²,tɔuŋ²²,laŋ²¹²,sɔʔ⁵,,lɔʔ²,,syoŋ²¹²,søʔ²,nyoʔ²,tsʰaŋ⁴⁴,paŋ²²,tsaŋ⁴²,paʔ²,miaŋ²²,,,xuaŋ²²,
changchun,ki⁴⁴,pʰi³³⁵,,mi¹¹,,,tsui⁴²,tɕy⁴⁴,tʰy¹¹,,,ke⁴⁴,poi⁴⁴,tɛ²²⁴,pʰu¹¹,ŋu¹¹,tɕʰiu⁴²,tɕʰiu³³⁵,,u⁴⁴,ŋu²²⁴,,,xo²²⁴,,tɔ⁴⁴,mɔ¹¹,pa²²⁴,ma⁴²,tɕʰia¹¹,,ua²²⁴,θua⁴⁴,ua⁴²,tua²²⁴,tai³³⁵,θia¹¹,kʰi¹¹,ŋia²²⁴,toi⁴²,θɔi²²⁴,teau¹¹,,tʰau¹¹,tsʰau⁴²,lai¹¹,ma¹¹,tsa⁴²,tsʰeu³³⁵,,,tsɛŋ⁴⁴,,neŋ⁴²,tsaŋ⁴⁴,aŋ³³⁵,θaŋ⁴⁴,taŋ³³⁵,,,,miŋ³³⁵,,,piŋ⁴⁴,θiŋ¹¹,,,pɛŋ⁴²,,kyŋ⁴⁴,,keŋ⁴⁴,pɛŋ⁴²,,,neŋ¹¹,,,,θuŋ¹¹,,,,,θɔŋ⁴⁴,,poŋ²²⁴,,tsoŋ⁴⁴,,kaŋ⁴⁴,θaŋ⁴²,,,θiaŋ¹¹,,muaŋ⁴²,puaŋ³³⁵,mɛŋ³³⁵,,luŋ¹¹,tsuŋ³³⁵,,,,pʰuŋ⁴⁴,,,nɛŋ¹¹,tɛŋ²²⁴,,,,tɔŋ¹¹,laŋ²²⁴,,,,,θøŋ²²⁴,,,tsʰaŋ⁴⁴,paŋ¹¹,tsaŋ⁴²,,miaŋ¹¹,,,xuaŋ¹¹,
shouning,ki⁴⁴,pʰi³³⁵,,mi²¹,,,tsy⁴²,tsy⁴⁴,tʰy²¹,,,kie⁴⁴,puoi⁴⁴,,pʰu²¹,ŋu²¹,tsʰiu⁴²,tsʰiu³³⁵,,u⁴⁴,ŋu¹¹²,,,y⁴²,,tɔ⁴⁴,mɔ²¹,pa¹¹²,ma⁴²,tsʰia²¹,,ua¹¹²,sua⁴⁴,ŋua⁴²,tua¹¹²,tai³³⁵,sia²¹,kʰi²¹,ŋia¹¹²,tɔi⁴²,sɔi¹¹²,tɛu²¹,,tʰau²¹,tsʰau⁴²,lai²¹,ma²¹,tsa⁴²,tsʰieu³³⁵,,sɛʔ²,tseŋ⁴⁴,,nieŋ⁴²,tsaŋ⁴⁴,aŋ³³⁵,saŋ⁴⁴,taŋ³³⁵,aʔ⁵,ieʔ²,,miŋ³³⁵,tsʰiʔ⁵,niʔ²,piŋ⁴⁴,siŋ²¹,tiʔ²,,peŋ⁴²,tsʰɛʔ²,kyŋ⁴⁴,,kieŋ⁴⁴,peŋ⁴²,pɛʔ⁵,,nieŋ²¹,tʰieʔ⁵,tsieʔ²,xɛʔ⁵,,tsʰyʔ⁵,,kɔʔ⁵,kɔʔ²,soŋ⁴⁴,loŋ¹¹²,puoŋ¹¹²,tʰɔʔ² ,tsyoŋ⁴⁴,ŋyøʔ²,kaŋ⁴⁴,saŋ⁴²,saʔ⁵,,tsyoŋ²¹,,muaŋ⁴²,puaŋ³³⁵,muŋ³³⁵,mi³³ ,luŋ²¹,tsuŋ³³⁵,tuʔ⁵,tsuʔ⁵,nuʔ²,pʰuŋ⁴⁴,,,nuŋ²¹,teŋ¹¹²,puʔ⁵,kɛʔ⁵,,toŋ²¹,laŋ¹¹²,sɔ³³⁵,,lɔʔ²,,syoŋ¹¹²,syøʔ²,nyøʔ²,tsʰaŋ⁴⁴,paŋ²¹,tsaŋ⁴²,paʔ²,miaŋ²¹,,,,
xietan,ke⁴⁴,pʰe¹¹²,,me²¹,,,tʃy⁴²,tʃø⁴⁴,tʰø²¹,,,ki⁴⁴,pʊi⁴⁴,tœ³³⁵,pʰo²¹,ŋo²¹,tʃʰiu⁴²,tʃʰiu³³⁵,,o⁴⁴,ŋo¹¹²,,,y⁴²,,tɔ⁴⁴,mɔ²¹,,ma⁴²,tʃʰie²¹,,xuʌ¹¹²,suʌ⁴⁴,ŋuʌ⁴²,tuʌ¹¹²,tai³³⁵,sie²¹,kʰi²¹,ŋie¹¹²,tɵi⁴²,sɔi¹¹²,tɛu²¹,,tʰau²¹,tsʰau⁴²,lai²¹,ma²¹,tsa⁴²,tʃʰiu³³⁵,,sɛʔ²,tsɛiŋ⁴⁴,,niŋ⁴²,tsaŋ⁴⁴,aŋ³³⁵,saŋ⁴⁴,taŋ³³⁵,aʔ⁵,sieʔ²,,meiŋ³³⁵,tʃeiʔ⁵,neiʔ²,peiŋ⁴⁴,seiŋ²¹,teiʔ²,,peiŋ⁴²,tsʰɛʔ²,køuŋ⁴⁴,,kiŋ⁴⁴,peiŋ⁴²,pɛʔ⁵,,niŋ²¹,tʰiʔ⁵,tʃiʔ²,xɛʔ⁵,souŋ²¹,tsʰoʔ⁵,,kɔʔ⁵,kɔʔ²,sɔuŋ⁴⁴,lɔuŋ¹¹²,pʊŋ¹¹²,tʰɔʔ² ,tsʊŋ⁴⁴,ŋʊʔ²,kaŋ⁴⁴,saŋ⁴²,saʔ⁵,,tsouŋ²¹,,muaŋ⁴²,puaŋ³³⁵,mœuŋ³³⁵,moʔ²,louŋ²¹,tsouŋ³³⁵,tøʔ⁵,tʃøʔ⁵,nøʔ²,pʰouŋ⁴⁴,,,nœuŋ²¹,tœuŋ¹¹²,pʊʔ⁵,kœʔ⁵,lœʔ²,tɔuŋ²¹,laŋ¹¹²,sɔʔ⁵,,lɔʔ²,,siɔŋ¹¹²,syʔ²,nyʔ²,tsʰaŋ⁴⁴,paŋ²¹,tsaŋ⁴²,paʔ²,miaŋ²¹,,,xuaŋ²¹,
zherong,ki³³²,pʰi³³⁵,,mi²²¹,,,tsui⁵¹,tsy³³²,tʰy²²¹,,,kie³³²,puɛ³³²,tœ³³⁵,pʰu²²¹,ŋu²²¹,tsʰiu⁵¹,tsʰiu³³⁵,,u³³²,ŋu¹¹²,,,xuo¹¹²,,tɔ³³²,mɔ²²¹,pa²²¹,ma⁵¹,tsʰia²²¹,,ua¹¹²,sua³³²,ŋua⁵¹,tua¹¹²,tai³³⁵,sia²²¹,kʰi²²¹,ŋia¹¹²,toi⁵¹,soi¹¹²,tɛu²²¹,,tʰau²²¹,tsʰau⁵¹,lai²²¹,ma²²¹,tsa⁵¹,tsʰiau³³⁵,,sɛk²,tsɛŋ³³²,,nieŋ⁵¹,tsaŋ³³²,aŋ³³⁵,saŋ³³²,taŋ³³⁵,ak⁵,siek²,,miŋ³³⁵,tsʰik⁵,nik²,piŋ³³²,siŋ²²¹,tik²,,pɛŋ⁵¹,tsʰɛk²,kyŋ³³²,,kieŋ³³²,pɛŋ⁵¹,pɛk⁵,,nieŋ²²¹,tʰiek⁵,siek²,xɛk⁵,suŋ²²¹,tsʰuk⁵,,kɔk⁵,kɔk²,sɔŋ³³²,lɔŋ¹¹²,puoŋ¹¹²,tʰɔk⁵,tsuoŋ³³²,ŋuok²,kaŋ³³²,saŋ⁵¹,sak⁵,,tsuoŋ²²¹,,muaŋ⁵¹,puaŋ³³⁵,muŋ³³⁵,muk²,luŋ²²¹,tsuŋ³³⁵,tyk²,tsyk⁵,nyk²,pʰuŋ³³²,,,nœŋ²²¹,tœŋ¹¹²,puk⁵,kœk⁵,lœk²,,laŋ¹¹²,sɔʔ⁵,,lɔʔ²,,syøŋ¹¹²,syøʔ²,nyøʔ²,tsʰaŋ³³²,paŋ²²¹,tsaŋ⁵¹,paʔ²,miaŋ²²¹,,,xuaŋ²²¹,
fuxi,ki³³²,pʰi³³⁵, ,mi²²¹,,,tʃui⁵¹,tʃy³³²,tʰy²²¹,,,ke³³²,pɔi³³²,tœ³³⁵,pʰu²²¹,ŋu²²¹,tʃʰiu⁵¹,tʃʰiu³³⁵,,u³³²,ŋu¹¹²,,,y⁵¹,,tɔ³³²,mɔ²²¹,,ma⁵¹,tʃʰia²²¹,,ua¹¹²,θua³³²,ŋua⁵¹,tua¹¹²,tai³³⁵,θia²²¹,kʰi²²¹,ŋia¹¹²,tɔi⁵¹,θɔi¹¹²,tɛu²²¹,,tʰau²²¹,tsʰau⁵¹,lai²²¹,ma²²¹,tsa⁵¹,tʃʰiau³³⁵,,θeiʔ²,tʃeiŋ³³²,,neiŋ⁵¹,tsaŋ³³²,aŋ³³⁵,θaŋ³³²,taŋ³³⁵,aʔ⁵,θeiʔ²,,miŋ³³⁵,tʃʰiʔ⁵,niʔ²,piŋ³³²,θiŋ²²¹,tiʔ²,,peiŋ⁵¹,tʃʰeiʔ²,kyŋ³³²,,keiŋ³³²,peiŋ⁵¹,peiʔ⁵,,neiŋ²²¹,tʰeiʔ⁵,θeiʔ²,heiʔ⁵,θuŋ²²¹,tʃʰuʔ⁵,,kɔuʔ⁵,kɔuʔ²,θɔuŋ³³²,lɔuŋ¹¹²,pouŋ¹¹²,tʰɔuʔ² ,tsouŋ³³²,ŋoʔ²,kaŋ³³²,θaŋ⁵¹,θaʔ⁵,,tsouŋ²²¹,,muaŋ⁵¹,puaŋ³³⁵,mœuŋ³³⁵,muʔ²,luŋ²²¹,tʃuŋ³³⁵,tiuʔ⁵,tʃiuʔ⁵,niuʔ²,pʰuŋ³³²,,,nœuŋ²²¹,tœuŋ¹¹²,puʔ⁵,kœuʔ⁵,lœuʔ²,tɔuŋ²²¹,laŋ¹¹²,θɔʔ⁵,,lɔʔ²,,θiɔuŋ¹¹²,θøʔ²,nøʔ²,tsʰaŋ³³²,paŋ²²¹,tsaŋ⁵¹,paʔ²,miaŋ²²¹,,,huaŋ²²¹,
daqiao,tɕie⁵⁵ ,pʰi¹¹,,mi³³,sai⁴⁵,pui³³,tɕy⁴¹,tɕy⁵⁵,tʰy³³,,,kie⁵⁵,puoi⁵⁵,tœ²²⁴,pʰu³³,ŋu³³,tɕʰiu⁴¹,tɕʰiu¹¹,ku⁵⁵,u⁵⁵,ŋu²²⁴,muo¹¹,,y⁴¹,tsʰuo¹¹,tɔ⁵⁵,mɔ³³,pa²²⁴,ma⁴¹,siɐ³³,,ua²²⁴,sai⁵⁵,ŋuai⁴¹,tuai²²⁴,tai¹¹,sie³³,kʰiɐ³³,ŋie⁵⁵ ,toi⁴¹,soi²²⁴,teu³³,,tʰau³³,tsʰau⁴¹,lai³³,ma³³,tsa⁴¹,tɕʰiɐu¹¹,,seik⁵,tseiŋ⁵⁵,,nieŋ⁴¹,tsaŋ⁵⁵,aŋ¹¹,saŋ⁵⁵,taŋ¹¹,ak¹,sik⁵,,miŋ¹¹,tɕʰik¹,nik⁵,piŋ⁵⁵,liŋ³³,tik⁵,,peiŋ⁴¹,tsʰeik⁵,kyŋ⁵⁵,,kieŋ⁵⁵,peiŋ⁴¹,peik¹,,nieŋ³³,tʰiek¹,siek⁵,heik¹,suŋ³³,tsʰuk¹,,kouk¹,kouk⁵,souŋ⁵⁵,louŋ²²⁴,puoŋ²²⁴,tʰouk¹,tsuoŋ⁵⁵,ŋuok⁵,kaŋ⁵⁵,saŋ⁴¹,sak¹,lau³³ lak⁵,tsuoŋ³³,tiaŋ²²⁴,muaŋ⁴¹,puaŋ¹¹,møyŋ¹¹,meik⁵,lyŋ³³,tɕyŋ¹¹ ,tyk¹,tɕyk¹,nyk⁵,pʰuŋ⁵⁵,,,nøyŋ¹¹,tøyŋ²²⁴,puk¹,køyk¹,løyk⁵,touŋ³³,laŋ²²⁴,sɔʔ¹,,lɔʔ⁵,,syøŋ²²⁴,syøʔ⁵,nyøʔ⁵,tsʰaŋ⁵⁵,paŋ³³,tsaŋ⁴¹,paʔ⁵,miaŋ³³,tiaŋ⁴¹,,huaŋ³³,
shanyang,ki⁵⁴⁴,pʰi³³⁵,,mɛi²¹,tsai²¹,poi²¹,tɕy⁴¹,tɕy⁴³³,tʰy²¹,,,kie⁴³³,puɐi⁴³³,tœ¹¹²,pʰɔu²¹,ŋɔu²¹,tɕʰiu⁴¹,tɕʰiu³³⁵,ku⁴³³,u⁴³³,ŋɔu¹¹²,muo³³⁵,,y⁴¹,tsʰuo³³⁵,tɔ⁴³³,mɔ²¹,pa¹¹²,ma⁴¹,θiɐ²¹,,ua¹¹²,θua⁴³³,ua⁴¹,tua¹¹²,tai³³⁵,θiɐ²¹,kʰɛi²¹,ŋiɐ⁴⁴ ,tœy⁴¹,θɔi¹¹²,tɛu²¹,,tʰau²¹,tsʰau⁴¹,lai¹¹ ,ma²¹,tsa⁴¹,tɕʰiau³³⁵,,θɛik⁵,tsɛiŋ⁴³³,,nieiŋ⁴¹,tsaŋ⁴³³,aŋ³³⁵,θaŋ⁴³³,taŋ³³⁵,ak³⁵,θik⁵,,miŋ³³⁵,tɕʰik³⁵,nik⁵,piŋ⁴³³,θeŋ²¹,tik⁵,,pɛiŋ⁴¹,tsʰɛik⁵,kyŋ⁴³³,,kieiŋ⁴³³,pɛiŋ⁴¹,pɛik³⁵,,nieŋ²¹,tʰieik³⁵,θɛik⁵,xɛik³⁵,θoŋ²¹,tsʰuk³⁵,,kɔuk³⁵,kɔuk⁵,θɔuŋ⁴³³,lɔŋ¹¹²,puoŋ¹¹²,tʰɔuk³⁵,tsɔuŋ⁴³³,ŋɔuk⁵,kaŋ⁴³³,θaŋ⁴¹,θak³⁵,θaŋ⁴⁴ mɔ⁴¹,tsuoŋ²¹,tiaŋ¹¹²,muaŋ⁴¹,puaŋ³³⁵,mœyŋ³³⁵,mœyk⁵,løŋ²¹,tɕyŋ³³⁵,tyk³⁵,tɕyk³⁵,nyk⁵,pʰuŋ⁴³³,,,nœŋ²¹,tœŋ¹¹²,puk³⁵,kœyk³⁵,lœyk⁵,tɔŋ²¹,laŋ¹¹²,θɔʔ³⁵,tɔʔ⁵,lɔʔ⁵,,θyoŋ¹¹²,θyɵʔ⁵,nyɵʔ⁵,tsʰaŋ⁴³³,paŋ²¹,tsaŋ⁴¹,paʔ⁵,miaŋ²¹,tiaŋ⁴¹,,xuaŋ²¹,
gutian,tsie⁵⁵,pʰi²¹,,mi³³,,,tsy⁴²,tsy⁵⁵,tʰy³³,,,kie⁵⁵,puoi⁵⁵,tœ³²⁴,pʰu³³,ŋu³³,tsʰiu⁴²,tsʰiu²¹,,u⁵⁵,ŋu³²⁴,,,huo³²⁴,,to⁵⁵,mo³³,pa³²⁴,ma⁴²,sia³³,,ua³²⁴,sai⁵⁵,ŋuai⁴²,tuai³²⁴,tai²¹,sie³³,,ŋuoi³²⁴,toi⁴²,soi³²⁴,tɛu³³,,tʰau³³,tsʰau⁴²,loi³³,ma³³,tsa⁴²,tsʰiau²¹,,seik⁵,tseiŋ⁵⁵,,niaŋ⁴²,tsaŋ⁵⁵,aŋ²¹,saŋ⁵⁵,taŋ²¹,ak²,sik⁵,,miŋ²¹,tsʰik²,nik⁵,piŋ⁵⁵,siŋ³³,tik⁵,,peiŋ⁴²,tsʰeik⁵,kyŋ⁵⁵,,kieŋ⁵⁵,peiŋ⁴²,peik²,,nieŋ³³,tʰiek²,siek⁵,heik²,suŋ³³,tsʰuk²,,kouk²,kouk⁵,souŋ⁵⁵,louŋ³²⁴,puoŋ³²⁴,tʰouk²,tsuoŋ⁵⁵,ŋuok⁵,kaŋ⁵⁵,saŋ⁴²,sak²,,tsuoŋ³³,,muaŋ⁴²,puaŋ²¹,møyŋ²¹,møyk⁵,lyŋ³³,tsyŋ²¹,tyk²,tsyk²,nyk⁵,,,,nøyŋ²¹,tøyŋ³²⁴,puk²,køyk²,løyk⁵,touŋ³³,laŋ³²⁴,soʔ²,,loʔ⁵,,syøŋ³²⁴,syøk⁵,nyøk⁵,tsʰaŋ⁵⁵,paŋ³³,tsaŋ⁴²,paʔ⁵,miaŋ³³,,,huaŋ³³,
huping,tsie⁵⁵,pʰi²¹,,mi³³,,,tsy⁴²,tsy⁵⁵,tʰy³³,,,kie⁵⁵,puoi⁵⁵,tœ²¹³,pʰu³³,ŋu³³,tsʰiu⁴²,tsʰiu²¹,,u⁵⁵,ŋu²¹³,,,y⁴²,,tɔ⁵⁵,mɔ³³,pa²¹³,ma⁴²,sia³³,,ua²¹³,sai⁵⁵,ŋuai⁴²,tuai²¹³,tai²¹,sie³³,kʰia³³,ŋuoi²¹³,toi⁴²,soi²¹³,tɛu³³,,tʰau³³,tsʰau⁴²,loi³³,ma³³,tsa⁴²,tsʰiɛu²¹,,seik⁵,tseiŋ⁵⁵,,nieŋ⁴²,tsaŋ⁵⁵,aŋ²¹,saŋ⁵⁵,taŋ²¹,ak²,sik⁵,,miŋ²¹,tsʰik²,nik⁵,piŋ⁵⁵,siŋ³³,tik⁵,,peiŋ⁴²,tsʰeik⁵,kyŋ⁵⁵,,kieŋ⁵⁵,peiŋ⁴²,peik²,,nieŋ³³,tʰiek²,siek⁵,heik²,suŋ³³,tsʰuk²,,kouk²,kouk⁵,souŋ⁵⁵,louŋ²¹³,puoŋ²¹³,tʰouk²,tsuoŋ⁵⁵,ŋuok⁵,kaŋ⁵⁵,saŋ⁴²,sak²,,tsuoŋ³³,,muaŋ⁴²,puaŋ²¹,møyŋ²¹,møyk⁵,lyŋ³³,tsyŋ²¹,tyk²,tsyk²,nyk⁵,pʰuŋ⁵⁵,,,nøyŋ²¹,tøyŋ²¹³,puk²,køyk²,løyk⁵,touŋ³³,laŋ²¹³,sɔʔ²,,lɔʔ⁵,,syoŋ²¹³,syok⁵,nyok⁵,tsʰaŋ⁵⁵,paŋ³³,tsaŋ⁴²,paʔ⁵,miaŋ³³,,,huaŋ³³,
fuzhou,tsie⁵⁵,pʰei²¹³,,mi⁵²,sai⁵²,pui⁵³,tsui³³,tsy⁵⁵,tʰy⁵²,,,kie⁵⁵,pui⁵⁵,tɔ²⁴²,pʰu⁵²,ŋu⁵²,tsʰiu³³,tsʰiu²¹³,ku⁵⁵,u⁵⁵,ŋou²⁴²,muo²¹³,,y³³,tsʰuo²¹³,to⁵⁵,mo⁵²,pa²⁴²,ma³³,sia⁵²,,ua²⁴²,sai⁵⁵,ŋuai³³,tuai²⁴²,tai²¹³,sie⁵²,kʰie⁵²,ŋie²⁴²,tøy³³,soy²⁴²,tɛu⁵²,,tʰau⁵²,tsʰau³³,nai⁵²,ma⁵²,tsa³³,tsʰiu²¹³,,seiʔ⁵,tseiŋ⁵⁵,,nieŋ³³,tsaŋ⁵⁵,aŋ²¹³,saŋ⁵⁵,taŋ²¹³,aʔ²⁴,siʔ⁵,,meiŋ²¹³,tsʰeiʔ²⁴,niʔ⁵,piŋ⁵⁵,siŋ⁵²,tiʔ⁵,,peiŋ³³,tsʰeiʔ⁵,kyŋ⁵⁵,,kieŋ⁵⁵,peiŋ³³,paiʔ²⁴,,nieŋ⁵²,tʰieʔ²⁴,sieʔ⁵,xaiʔ²⁴,suŋ⁵²,tsʰouʔ²⁴,,kauʔ²⁴,kouʔ⁵,souŋ⁵⁵,nauŋ²⁴²,puoŋ²⁴²,tʰauʔ²⁴,tsuoŋ⁵⁵,ŋuoʔ⁵,kaŋ⁵⁵,saŋ³³,saʔ²⁴,ka⁵⁵ laʔ⁵,tsuoŋ⁵²,naŋ³³,muaŋ³³,puaŋ²¹³,moyŋ²¹³,møyʔ⁵,nyŋ⁵²,tsøyŋ²¹³,tøyʔ²⁴,tsøyʔ²⁴,nyʔ9,pʰuŋ⁵⁵,,,nøyŋ⁵²,toyŋ²⁴²,pouʔ²⁴,koyʔ²⁴,nøyʔ⁵,touŋ⁵²,laŋ²⁴²,sɔʔ²⁴,,noʔ⁵,,suoŋ²⁴²,suoʔ⁵,nuoʔ⁵,tsʰaŋ⁵⁵,paŋ⁵²,tsaŋ³³,paʔ⁵,miaŋ⁵²,tiaŋ³³,,xuaŋ⁵²,
hupei,kiʔ³,pʰi⁴⁴⁵,,mei²²¹,tsai⁵⁵³,poi²¹¹,tʃyː⁴¹,tʃyʔ³,tʰʌi²²¹,,,kieʔ³,puoi³³⁴,tœː⁴¹,pʰou²²¹,ŋou²²¹,tʃʰiu⁴¹,tʃʰiu⁴⁴⁵,kuʔ³ /  ku³³⁴,u³³⁴,ŋou⁴¹,muo⁴⁴⁵,,xuo³⁵,tsʰuoʔ⁵,tɔʔ³,mɔ²²¹,,maː⁴¹,θie²²¹,,uoː⁴¹,θuoʔ³,uaː⁴¹,tuoː⁴¹,tai⁴⁴⁵,θie²²¹,kʰei²²¹,ŋie⁴⁴,tʌi⁴¹,θɔːi⁴¹,tᴇu²²¹,,tʰau²²¹,tsʰau⁴¹,lai²²¹,ma²²¹,tsaː⁴¹,tʃʰiɐu⁴⁴⁵,,θep³,tʃem³³⁴,,nᴇm⁴¹,tsam³³⁴,am⁴⁴⁵,θam³³⁴,tam⁴⁴⁵,ap⁵,θiap³,,min⁴⁴⁵,tʃʰit⁵,nit³,pin³³⁴,len³²²,tit³,,pᴇn⁴¹,tʃʰet³,kyn³³⁴,,kien³³⁴,pᴇn⁴¹,pᴇt⁵,,nien²²¹,tʰᴇt⁵,θet³,xᴇt⁵,θon²²¹,tsʰut⁵,,kɔt⁵,kot³,θon³³⁴,lɔːn⁴¹,puoːn⁴¹,tʰot³,tson³³⁴,ŋot³,kan³³⁴,θan⁴¹,θat⁵,θam³⁵ mɔ⁴¹,tsuon²²¹,tien⁴¹,man⁴¹,pan⁴⁴⁵,mœuŋ⁴⁴⁵,møk³,løŋ²²¹,tʃyuŋ⁴¹,tyuk⁵,tʃyuk⁵,nyuk³,pʰuŋ³³⁴,,,nœuŋ²²¹,tœːuŋ⁴¹,puk⁵,kœk⁵,løk³,tɔŋ²²¹,laːŋ⁴¹,θɔʔ⁵,,lɔʔ³,,θyoːŋ⁴¹,θiʌʔ³,niʌʔ³,tsʰaŋ³³⁴,paŋ²²¹,tsaŋ⁴¹,paʔ³,mieŋ²²¹,tiaŋ⁴¹,,xuoŋ²²¹,
xiancun,ki⁴⁴,pʰi⁵⁵,,mᴇi³²²,tʃai⁵³³,poi³²²,tʃøy¹¹,tɕy⁴⁴,tʰø³²²,,,ki⁴⁴,pui⁴⁴,tœː¹¹,pʰo³²²,ŋo³²²,tʃʰou¹¹,ɕiu⁵⁵,ku⁴⁴,u⁴⁴,ŋoː¹¹,mu⁵⁵,,huː¹¹,tʃʰu⁵⁵,tɔ⁴⁴,mɔ³²²,paː¹¹,maː¹¹,ɕiᴇ³²²,,uɔː¹¹,θuɔ⁴⁴,uaː¹¹,tuɔː¹¹,tai⁵⁵,θiᴇ³²²,kʰᴇi³²²,ŋiːᴇ¹¹,tøy¹¹,θɔːi¹¹,tᴇu³²²,,tʰau³²²,tʃʰau¹¹,lai³²²,ma³²²,tʃaː¹¹,ɕiu⁵⁵,,θᴇp³,tʃem⁴⁴,,nem¹¹,tʃam⁴⁴,am⁵⁵,θam⁴⁴,tam⁵⁵,ap⁵,θiᴇp³,,min⁵⁵,ɕit⁵,net³,pin⁴⁴,θen³²²,tet³,,pen¹¹,tʃʰᴇt³,kyn⁴⁴,,kin⁴⁴,pen¹¹,pᴇt⁵,,nin³²²,tʰit⁵,θit³,hᴇk⁵,θon³²²,tʃʰut⁵,,kɔt⁵,kɔt³,θon⁴⁴,lɔːn¹¹,puːn¹¹,tʰɔt³,tʃun⁴⁴,ŋut³,kan⁴⁴,θan¹¹,θat⁵,θam³⁵ mɔ¹¹ / sat³,tʃun³²²,tiᴇn¹¹,maŋ¹¹,puən⁵⁵,mœŋ⁵⁵,mœk³,løŋ³²²,tʃoŋ⁵⁵,tyuk⁵,tɕyuk⁵,nøk³,pʰuŋ⁴⁴,,,nœŋ³²²,tœːŋ¹¹,puk⁵,kœk⁵,lœk³,tɔŋ³²²,laːŋ¹¹,θɔʔ⁵,tɔʔ³,lɔʔ³,,θyoːŋ¹¹,θyʔ³,nyʔ³,tʃʰaŋ⁴⁴,paŋ³²²,tʃaŋ¹¹,paʔ³,miᴇŋ³²²,tiaŋ¹¹,,huəŋ³²²,
jiudu,ki⁴⁴,pʰei³⁵,,mei²²,tsai⁵⁵³,poi²²,tɕyː⁴¹,tɕy⁴⁴,tʰøy²²,,,ki⁴⁴,pøy⁴⁴,tœː⁴¹,pʰou²²,ŋou²²,ɕiu⁴¹,tʃʰeu³⁵,ku⁴⁴,u⁴⁴,ŋou⁴¹,mu³⁵,,huː⁴¹,tsʰu³⁵,tɔ⁴⁴,mɔ²²,,maː⁴¹,ɕie⁴⁴,,uoː⁴¹,suo⁴⁴,uaː⁴¹,tuoː⁴¹,tai³⁵,sie²²,kʰei²²,ŋieː⁴¹,tøy⁴¹,sɔːi⁴¹,tɛu²²,,tʰau²²,tsʰau⁴¹,lai²²,ma²²,tsaː⁴¹,ɕiu³⁵,,sep²,tʃem⁴⁴,,nem⁴¹,tsam⁴⁴,am³⁵,sam⁴⁴,tam³⁵,ap⁴,sep²,,min³⁵,tʃʰet⁴,net²,piŋ⁴⁴,sen²²,tet²,,pen⁴¹,tʃʰet²,kyn⁴⁴,,ken⁴⁴,pen⁴¹,pɛt⁴,,nin²²,tʰit⁴,set²,hɛt⁴,son²²,tsʰot⁴,,kɔt⁴,køt²,søn⁴⁴,lɔːn⁴¹,puːn⁴¹,tʰot²,tʃøn⁴⁴,nøt²,kan⁴⁴,san⁴¹,sat⁴,sam²⁴ mɔ⁴¹,sen²²,tien⁴¹,man⁴¹,puon³⁵,mœuŋ³⁵,møk²,løŋ²²,tʃøŋ³⁵,tøk⁴,tʃøk⁴,nøk²,pʰʊŋ⁴⁴,,,nœuŋ²²,tœːŋ⁴¹,pok⁴,kœk⁴,løk²,tɔŋ²²,laːŋ⁴¹,sɔʔ⁴,,lɔʔ²,,sioːŋ⁴¹,syʔ²,nyʔ²,tsʰaŋ⁴⁴,paŋ²²,tsaŋ⁴¹,paʔ²,mieŋ²²,taŋ⁴¹,,huoŋ²²,
taishun,ki²¹³,pʰi⁵³,,mai³³,tsai³³,pei³³,tɕy⁴⁵⁵,ɕy²¹³,ty³³,,,kei²¹³,puɔi²¹³,tei⁵³,pʰu³³,ŋ³³,tɕʰiu⁴⁵⁵,tɕʰiu⁵³,,ou²¹³,ŋ⁴²,,,hou⁴²,tsʰɵy⁵³,tou²¹³,mou³³,pa⁴²,ma⁴⁵⁵,tɕʰia³³,,ʋa⁴²,sa²¹³,ŋa⁴⁵⁵,ta⁴²,ta⁵³,ɕia³³,ki³³,ȵia⁴²,tɔi⁴⁵⁵,sɔi⁴²,tɛu³³,,tʰau³³,tsʰau⁴⁵⁵,lai³³,ma³³,tsa⁴⁵⁵,tɕʰiau⁵³,,sɛʔ⁴³,tse²¹³,,ȵie⁴⁵⁵,tsaŋ²¹³,aŋ⁵³,saŋ²¹³,taŋ⁵³,aʔ⁵,ieʔ⁴³ ,,mɪŋ⁵³,tɕʰieʔ⁵,ȵieʔ⁴³,pɪŋ²¹³,sʏŋ³³,tɪʔ⁴³,,pe⁴⁵⁵,tsʰɛʔ⁴³,kʏŋ²¹³,,kie²¹³,pe⁴⁵⁵,pɛʔ⁵,,ȵie³³,tʰɪʔ⁵,ɕieʔ⁴³,hɛʔ⁵,sʏŋ³³,tɕʰyeʔ⁵,,kuəʔ⁵,ʋaʔ⁴³,sɔ̃²¹³,lɔ̃⁴²,puɔi⁴²,tʰɔʔ⁵,tɕye²¹³,ŋuəʔ⁴³,kaŋ²¹³,saŋ⁴⁵⁵,saʔ⁵,saʔ⁴³,ɕye³³,tiaŋ⁴²,muaŋ⁴⁵⁵,puaŋ⁵³,mɤŋ⁵³,məʔ⁴³,lɤŋ³³,tsɤŋ⁵³,təʔ⁵,tsəʔ⁵,ȵiəʔ⁴³,pʰɤŋ²¹³,,,nɤŋ³³,tɤŋ⁴²,puəʔ,kou⁵³,ləʔ⁴³,tɔ̃³³,lɔ̃⁴²,sou⁵³,,lou⁴²,,tɕʰiɔ̃⁴²,sɵy⁴²,ȵy⁴²,tsʰaŋ²¹³,paŋ³³,tsaŋ⁴⁵⁵,pa⁴²,miaŋ³³,tiaŋ⁴⁵⁵,,faŋ³³,
cangnan,tsɿ⁴⁴,pʰi⁴²,,mĩ²¹³,dza²¹³,bai²¹³,tɕy⁴⁵,ɕy⁴⁴,dy²¹³,,,tsɿ⁴⁴,pø⁴⁴,dai¹¹,bu²¹³,ŋ²¹³,tɕʰio⁴⁵,tɕʰio⁴²,ku⁴⁴,vu⁴⁴,ŋ¹¹,,,fu¹¹,,tau⁴⁴,mau²¹³,bo¹¹,mõ⁴⁵,ʑi²¹³,,o¹¹,so⁴⁴,o⁴⁵,do¹¹,to⁴²,zo²¹³,dzɿ²¹³,ȵio¹¹,tø⁴⁵,zø¹¹,dio²¹³,,dɔ²¹³,tsʰɔ⁴⁵,la²¹³,mõ²¹³,tsɔ⁴⁵,tɕio⁴²,,zəʔ²,tsãi⁴⁴,,ȵĩ⁴⁵,tsẽ⁴⁴,ẽ⁴²,sẽ⁴⁴,tẽ⁴²,aʔ⁵,ȵiəʔ²,,miŋ⁴²,tɕʰiəʔ⁵,ȵiəʔ²,piŋ⁴⁴,iŋ⁴⁴,diəʔ²,,pãi⁴⁵,zə²,tɕioŋ⁴⁴,,tɕĩ⁴⁴,pãi⁴⁵,pəʔ⁵,,nĩ²¹³,tʰiəʔ⁵,ʑiəʔ²,haʔ⁵,ʑioŋ²¹³,tɕʰiəʔ⁵,,kuəʔ⁵,,sø̃⁴⁴,lø̃¹¹,,tʰəʔ⁵,tɕỹ⁴⁴,ȵiəʔ²,kẽ⁴⁴,sẽ⁴⁵,səʔ⁵,kəʔ⁵zəʔ²,dʑỹ²¹³,lẽ⁴⁵,mẽ⁴⁵,pẽ⁴²,moŋ⁴²,məʔ²,loŋ²¹³,tsoŋ⁴²,təʔ⁵,səʔ⁵,ȵiəʔ²,pʰoŋ⁴⁴,,,noŋ²¹³,doŋ¹¹,pəʔ⁵,kau⁴²,ləʔ²,dõ²¹³,lõ¹¹,sau⁴²,,lau¹¹,,ʑiõ¹¹,ʑy¹¹,,tsʰã⁴⁴,bã²¹³,tsã⁴⁵,ba¹¹,miã²¹³,,,hã²¹³,
badu,ki³³,pʰeːi³⁵,li⁴¹,mi¹¹,tsaːi¹¹,puːi¹¹,tsy⁴¹,tsy³³,tʰoːy¹¹,pɛ¹¹,sɛ⁴¹ / sɛ⁴¹,ki³³,pøy³³,tœ⁴¹,pʰoːu¹¹,ŋoːu¹¹,tsʰiu⁴¹,tsʰeːi³⁵,ku³³,,ŋoːu⁴¹,mu³⁵,toːu¹¹,hu⁴¹,tsʰu³⁵,tɔ³³,mɔ¹¹,pa¹¹,ma⁴¹,tsʰiɛ¹¹,tsiɛ³⁵,uɔ⁴¹,suɔ³³,uɔ⁴¹,tuɔ⁴¹,tai³⁵,siɛ¹¹,kʰiɛ¹¹,ŋiɛ⁴¹,tøy⁴¹,sɔːi⁴¹,tɛːu¹¹,kau³³,tʰaːu¹¹,tsʰau⁴¹,lai¹¹,ma¹¹,tsa⁴¹,tsʰiːu³⁵,kʰeːm¹¹,sep⁵,,,nem⁴¹,stam³³,aŋ³⁵ / am³⁵,sam³³,taːm³⁵,aːp³³,,iŋ³³ ,miŋ³⁵ ,,nit⁵,,seːn¹¹,tit⁵,tsʰɛːn¹¹,,tsʰɛt⁵,kyn³³,kʰyːt³³,kɛn³³ ,pen⁴¹,pɛːt³³,ɛːt³³,niːn¹¹,tʰiːt³³,sɛt⁵,hɛːt³³,soːn¹¹,tsʰoːt³³,,kɔːt³³,kut⁵,søn³³,lɔːn⁴¹,puːn⁴¹,tʰɔːt³³,tsøn³³,ŋut⁵,kan³³,san⁴¹,saːt³³,sam³³ mɔ⁴¹,tsuŋ¹¹,tiɛːn⁴¹,man⁴¹,puɔːn³⁵,,,løːŋ¹¹,tsyŋ⁴¹,tøːk³³,tsøːk³³,nyk⁵,pʰuŋ³³,,,,tœːŋ⁴¹,pok³³,,,,,sɔʔ³³,,lɔʔ⁵,,siɔːŋ⁴¹,sy⁵,nyʔ⁵,tsʰaŋ³³,paːŋ¹¹,tsaŋ⁴¹,paʔ⁵,miɛːŋ¹¹,tiaŋ⁴¹,tsʰiɛʔ³³,huɔːŋ¹¹,jin¹¹
chixi,ki⁵⁵,pʰi²⁴,,,tsai²¹,pui²¹,,tɕy⁵⁵,tʰy²¹,,se¹²,kie⁵⁵,poi⁵⁵,,,,tɕʰiu⁵²,tɕʰiu²⁴,,,ŋu¹²,muo²⁴,,,tsʰuo²⁴,to⁵⁵,,,ma⁵²,tɕʰia²¹,tɕia²⁴,ua¹²,sua⁵⁵,ua⁵²,tua¹²,,sia²¹,kʰia²¹,ŋia¹²,toi⁵²,soi¹²,teu²¹,,tʰau²¹,tsʰau²¹,lai²¹,,tsa⁵²,tɕʰieu²⁴,,seʔ²⁴,tseŋ,,nieŋ⁵²,,,saŋ⁵⁵,,aʔ⁵,siʔ²⁴,,miŋ²⁴,tɕʰiʔ²⁴,niʔ²⁴,,siŋ²¹,tiʔ²⁴,,,tsʰeʔ²⁴,koŋ⁵⁵,,,,peʔ⁵,,nieŋ²¹,tʰieʔ⁵,sieʔ²⁴,heʔ⁵,suŋ²¹,tsʰuʔ⁵,,koʔ⁵,koʔ²⁴,soŋ⁵⁵,loŋ¹²,puoŋ¹²,,tɕioŋ⁵⁵,ŋuoʔ²⁴,kaŋ⁵⁵,,,,,,,puaŋ²⁴,meŋ²⁴,,luŋ²¹,,tyʔ,tɕyʔ⁵,nyʔ²⁴,pʰuŋ⁵⁵,,,,teŋ¹²,,keʔ⁵,leʔ²⁴,,naŋ¹²,soʔ⁵,,loʔ²⁴,,,sioʔ²⁴,nioʔ²⁴,,paŋ²¹,tsaŋ⁵²,paʔ²⁴,miaŋ²¹,tiaŋ⁵²,,huaŋ²¹,ieŋ²¹
fuqing,,pʰe²¹,li³³,mi⁵⁵,sai⁵⁵,pui⁵⁵,tsui³³,tsy⁵³,tʰy⁵⁵,pe⁵⁵,se⁴¹,kie⁵³,puoi⁵³,tø⁴¹,pʰu⁵⁵,ŋu⁵⁵,tsʰiu³³,tsʰiu⁴¹,ku⁵³,u⁵³,ŋo⁴¹,muo²¹,tuo⁵⁵,huo⁴¹,tsʰuo²¹,to⁵³,mo⁵⁵,pa⁵⁵,ma³³,sia⁵⁵,tsia²¹,ua⁴¹,sua⁵³,ŋua³³,tua⁴¹,tai²¹,sia⁵⁵,kʰia⁵⁵,ŋia⁴¹,toi³³,soi⁴¹,teu⁵⁵,kau⁵³,tʰau⁵⁵,tsʰau³³,loi⁵⁵,ma⁵⁵,tsa³³,tsʰieu²¹,,seʔ⁵,tseŋ⁵³,lieŋ⁵⁵,nĩ³³,tsaŋ⁵³,aŋ²¹,saŋ⁵³,taŋ²¹,aʔ²²,,iŋ⁵³,meŋ²¹,tsʰeʔ²²,niʔ⁵,piŋ⁵³,siŋ⁵⁵,tiʔ⁵,tsʰeŋ⁵⁵,peŋ³³,tsʰeʔ⁵,kyŋ⁵³,kʰøʔ²²,kieŋ⁵³,peng³³,peʔ²²,eʔ²²,nieŋ⁵⁵,tʰieʔ²²,sieʔ⁵,heʔ²²,suŋ⁵⁵,tsʰut²²,kuʔ⁵,koʔ²²,koʔ⁵,soŋ⁵³,loŋ⁴¹,puoŋ⁴¹,tʰoʔ²²,tsuoŋ⁵³,ŋuoʔ⁵,kaŋ⁵³,saŋ³³,saʔ²²,saʔ⁵,siaŋ⁴¹,,muaŋ³³,puaŋ²¹,møŋ⁴¹,møʔ⁵,lyŋ⁵⁵,tsyŋ³³,tøʔ²²,tsøʔ²²,nyʔ⁵,pʰuŋ⁵³,tsʰøŋ⁵³,tøŋ⁵⁵,nøŋ⁵⁵,tøŋ⁴¹ ,poʔ²²,køʔ²²,løʔ⁵,toŋ⁵⁵,lang⁴¹,so²¹ / soʔ²²,,lo⁵³,,syoŋ⁴¹,syo⁵³,nyo⁵³,tsʰaŋ⁵³,paŋ⁵⁵,tsaŋ³³,pa⁵³,miaŋ⁵⁵,tiaŋ³³,tsʰia²¹,huaŋ⁵⁵,ieŋ⁵⁵
muyang,kei⁴³,pʰei³⁵,li⁴¹,mi¹¹,tsai¹¹,pøi¹¹,tsi⁴¹,tsøi⁴³,tʰøi¹¹,pɛ¹¹,sɛ¹³,ki⁴³,pui⁴³,tœ¹³,pʰou¹¹,ŋou¹¹,tsʰiu⁴¹,tsʰeu³⁵,kou⁴³,ou⁴³,ŋou¹³,mu³⁵,tu¹¹,hu¹³,tsʰu³⁵,tɔ⁴³,mɔ¹¹,pa¹¹,ma⁴¹,tsʰe¹¹,tse³⁵,wo¹³,so⁴³,ŋo⁴¹,to¹³,tai³⁵,se¹¹,kʰe¹¹ ,ŋe¹³,tøi⁴¹,soi¹³,tɛu¹¹,kau⁴³,tʰau¹¹,tsʰou⁴¹,lai¹¹,ma¹¹,tsa⁴¹,tsʰiu³⁵,hem¹¹,sɛp²¹,tsɛm⁴³,lim¹¹,nim⁴¹,tsam⁴³,am³⁵,san⁴³,tam³⁵,ap⁵⁴,siɛp²¹,en⁴³,men³⁵,tset⁵⁴,net²¹,pen⁴³,sen¹¹,tet²¹,tsʰɛ¹¹,pen⁴¹,tsʰɛt²¹,køn⁴³,kʰøk⁵⁴,kin⁴³,pen⁴¹,pɛt⁵⁴,ɛt⁵⁴,nin¹¹,tʰit⁵⁴,sit²¹,,son¹¹,tsʰok⁵⁴,kut²¹,kɔt⁵⁴,kɔt²¹,sɔn⁴³,lɔn¹³,pun¹³,tʰɔt⁵⁴,tsun⁴³,nut²¹,kan⁴³,san⁴¹,sat⁵⁴,sat²¹,,tiɛn¹³,muan⁴¹,puan³⁵,mœŋ³⁵,mœk²¹,loŋ¹¹,tsuŋ⁴¹,tøk⁵⁴,tsøk⁵⁴,nøk²¹,pʰoŋ⁴³,tsʰœŋ⁴³,tœŋ¹¹,nœŋ¹¹,tœŋ¹³,pok⁵⁴,kœk⁵⁴,lœk²¹,tɔŋ¹¹,laŋ¹³,soʔ⁵⁴,tɔ²¹,lɔʔ²¹,iɔŋ¹¹,siɔŋ¹³,tsʰiʔ²¹,niʔ²¹,tsʰaŋ⁴³,paŋ¹¹,tsaŋ⁴¹,paʔ²¹,miaŋ¹¹,tiaŋ⁴¹,tsʰeʔ⁵⁴,huaŋ¹¹,yin¹¹
quanzhou,ki³³,pʰi⁴¹,tai²²,bai²⁴,,pui²⁴,tsui⁵⁵,,tɯ²⁴,,tsue⁴¹,kue³³,pə³³,tue²²,pʰu²⁴,ɡu²⁴,tsʰiu⁵⁵,tsʰiu⁴¹,kɔ³³,ɔ³³,gɔ²²,bɔ⁴¹,,hɔ²²,tsʰu⁴¹,to³³,bŋ²⁴,,be⁵⁵,,,ue⁴¹,sua³³,gua⁵⁵,tua⁴¹,tua⁴¹,tsua²⁴,kʰa²⁴,gua⁴¹,tə⁵⁵,tsə²²,,,tʰau²⁴,,lui²⁴,ba²⁴,tsa⁵⁵,tsʰio⁴¹,him²⁴,tsap²⁴,,nuĩ²⁴,nĩ⁵⁵,tʰue³³,am⁴¹,sã³³,,aʔ⁵,sit²⁴,,bin⁴¹,tsʰit⁵,lit²⁴,piŋ³³,sin²⁴,tit²⁴,,pan⁵⁵,tsʰat²⁴,kun³³,kʰit⁵,kuĩ³³,puĩ⁵⁵,pueʔ⁵,,nĩ²⁴,tʰiʔ⁵,tsiʔ²⁴,huiʔ⁵,tsun²⁴,tsʰut⁵,,kut⁵,kut²⁴,sŋ³³,nŋ²²,pŋ⁴¹,tʰut⁵,,ɡəʔ²⁴,kuã³³,suã⁴¹,suaʔ⁵,tsuaʔ²⁴,,tũa²²,,puã⁴¹,baŋ⁴¹,bak²⁴,liŋ²⁴,,tiak⁵,tsiak⁵,hiak²⁴,pʰaŋ³³,,taŋ²⁴,,taŋ²²,,kak⁵,lak²⁴,tŋ²⁴,nŋ²²,soʔ⁵,,,iũ²⁴,tsʰiũ²²,tsioʔ²⁴,hioʔ²⁴,,,tsĩ⁵⁵,peʔ²⁴,biã²⁴,tiã⁵⁵,,huĩ²⁴,ĩ²⁴
zhangzhou,ki⁴⁴,pʰĩ²²,tai²²,bai¹³,,pui¹³,tsui⁵³,,ti¹³,,tse²²,ke⁴⁴,pue⁴⁴,te²²,pʰu¹³,gu¹³,tsʰiu⁵³,tsʰiu²²,kɔ⁴⁴,ɔ⁴⁴,gɔ²²,bɔŋ²²,,hɔ²²,tsʰu²¹,to⁴⁴,,,bɛ⁵³,,,ua²²,sua⁴⁴,ɡua⁵³,tua²²,tua²¹,tsua¹³,kʰia¹³,gua²²,te⁵³,tse²²,,,tʰau¹³,,lui¹³,ba¹³,tsa⁵³,tsʰio²¹,him¹³,tsap¹²¹,,liam¹³,lĩ⁵³,tʰe⁴⁴,am²¹,sã⁴⁴,,aʔ³²,sit¹²¹,,bin²²,tsʰit³²,dzit¹²¹,piŋ⁴⁴,sin¹³,tit¹²¹,,pan⁵³,tsʰat¹²¹,kin⁴⁴,kʰit³²,kan⁴⁴,pan⁵³,peʔ³²,,lĩ¹³,tʰiʔ³²,tsiʔ¹²¹,hueʔ³²,tsun¹³,tsʰut³²,,kut³²,kut¹²¹,suĩ⁴⁴,luĩ²²,puĩ²²,tʰut³²,,ɡueʔ¹²¹,kuã⁴⁴,suã²¹,suaʔ³²,tsuaʔ¹²¹,,tuã²²,,puã²¹,baŋ²²,bak¹²¹,liɔŋ¹³,,tik³²,tsik³²,,pʰaŋ⁴⁴,,taŋ¹³,,taŋ²²,,kak³²,lak¹²¹,tŋ¹³,lɔ̃²²,soʔ³²,,,iɔ̃¹³,tsʰiɔ²²,tsioʔ¹²¹,hioʔ¹²¹,,,tsɛ̃⁵³,pɛʔ¹²¹,biã¹³,tiã⁵³,,huã¹³,ĩ¹³
datian,ki³³,pʰi³¹,tɛ⁵⁵,bɛ²⁴,,pui²⁴,tsi⁵³,,tʰui²⁴,,tse³³,ki³³,pue³³,tiɔ⁵⁵,pʰu²⁴,gu²⁴,tsʰu⁵³,tsʰu³¹,ku³³,u³³,gu⁵⁵,bu³¹,,hu⁵⁵,tsʰu³¹,tɤ³³,mŋ²⁴,,ba⁵³,,,bua³³,sua³³,bua⁵³,tua³³,tua³¹,tsua²⁴,kʰi²⁴,,tue⁵³,tse⁵⁵,,,tʰɔ²⁴,,lui²⁴,mã³³,tsa⁵³,tsʰɤ³¹,heŋ²⁴,tsaʔ⁵,,,niŋ⁵³,,aŋ³¹,sã³³,,a³¹,seʔ⁵,,beŋ³¹,tsʰeʔ³,leʔ⁵,peŋ³³,seŋ²⁴,teʔ⁵,,paŋ⁵³,tsʰaʔ⁵,keŋ³³,kʰeʔ³,kiŋ³³,piŋ⁵⁵,pe³¹,,niŋ²⁴,tʰi³¹,sua⁵⁵,hue³¹,tsueŋ²⁴,tsʰoʔ³,,koʔ³,koʔ⁵,suŋ³³,nuŋ⁵⁵,pŋ³³,tʰoʔ³,,bue⁵⁵,kuã³³,suã³¹,saʔ³,tsua⁵⁵,,tuã⁵⁵,,puã³¹,baŋ³¹,baʔ⁵,loŋ²⁴,,toʔ³,tsɤ⁵⁵,,pʰaŋ³³,,taŋ²⁴,,taŋ⁵⁵,,kaʔ³,laʔ⁵,tŋ²⁴,nŋ⁵³,sɤ³¹,,,ziŋ²⁴,tsŋ⁵⁵,tsɤ⁵⁵,liɤ⁵⁵,,,tsã⁵³,pa⁵⁵,miã²⁴,tiã⁵³,,huã²⁴,mŋ²⁴
jieyang,ki³³,pʰĩ²²,,bai⁵⁵,,pui⁵⁵,tsui⁴²,,tɯ²²,,tsoi²²,koi³³,pue³³,tiu³⁵,pʰu⁵⁵,gu⁵⁵,tsʰiu⁴²,tsʰiu²²,kou³³,ou³³,ŋou³⁵,mo³⁵,,hou³⁵,tsʰu²¹³,to³³,mo⁵⁵,,be⁴²,,,ue²²,sua³³,ua⁴²,tua²²,tua²¹³,tsua⁵⁵,kʰia⁵⁵,gua²²,to⁴²,tso³⁵,,,tʰau⁵⁵,,lui⁵⁵,,tsa⁴²,tsʰio²¹³,him⁵⁵,tsap⁵,,niam⁵⁵,ni⁴²,tʰoi³³,am²¹³,sã³³,,aʔ²,sek⁵,,meŋ²²,tsʰek²,zek⁵,piã³³,seŋ⁵⁵,tek⁵,,pãi⁴²,tsʰak⁵,keŋ³³,kʰek²,kãi³³,pãi⁴²,poiʔ²,,ni⁵⁵,tʰiʔ²,tsiʔ⁵,hueʔ²,tsuŋ⁵⁵,tsʰuk²,,kuk²,kuk⁵,sɯŋ³³,nɯŋ³⁵,puŋ²²,tʰuk²,,ɡueʔ⁵,kuã³³,,suaʔ²,tsuaʔ⁵,,tuã³⁵,,puã²¹³,maŋ²²,mak⁵,leŋ⁵⁵,,tek²,tsek²,nek⁵,pʰaŋ³³,,taŋ⁵⁵,,taŋ³⁵,,kak²,lek⁵,tɯŋ⁵⁵,no³⁵,soʔ²,,,iõ⁵⁵,tsiõ³⁵,tsioʔ⁵,hioʔ⁵,,,tsẽ⁴²,peʔ⁵,miã⁵⁵,tiã⁴²,,huẽ⁵⁵,ĩ⁵⁵
chaoyang,ki²¹,pʰĩ³²,,bai³³,,pui³³,tsui⁴⁵,,tu³³,,tsoi³²,koi²¹,pue²¹,tiu⁵²,pʰu³³,gu³³,tsʰiu⁴⁵,tsʰiu³²,kou²¹,ou²¹,ŋou⁵²,mo⁵²,,hou⁵²,tsʰu⁴¹,to²¹,mo³³,,be⁴⁵,,,ue³²,sua²¹,ua⁴⁵,tua³²,tua⁴¹,tsua³³,kʰia³³,gua³²,to⁴⁵,tso⁵²,,,tʰau³³,,lui³³,,tsa⁴⁵,tsʰio⁴¹,him³³,tsap⁵,,liam³³,ni⁴⁵,tʰoi²¹,am⁴¹,sã²¹,,aʔ²,sik⁵,,miŋ³²,tsʰik²,zik⁵,piã²¹,siŋ³³,tik⁵,,põi⁴⁵,tsʰak⁵,kiŋ²¹,kʰik²,kõi²¹,pãi⁴⁵,poiʔ²,,ni³³,tʰiʔ²,tsiʔ⁵,hueʔ²,tsuŋ³³,tsʰuk²,,kuk²,huk⁵,sɯŋ²¹,nɯŋ⁵²,pɯŋ³²,tʰuk²,,gueʔ⁵,kuã²¹,,suaʔ²,tsuaʔ⁵,,tuã⁵²,,puã⁴¹,maŋ³²,mak⁵,leŋ³³,,tek²,tsek²,nek⁵,pʰaŋ²¹,,taŋ³³,,taŋ⁵²,,kak²,lak⁵,tɯŋ³³,no⁵²,soʔ²,,,iõ³³,tsiõ⁵²,tsioʔ⁵,hioʔ⁵,,,tsẽ⁴⁵,peʔ⁵,miã³³,tiã⁴⁵,,huẽ³³,ĩ³³
shibei,ki⁵²,pʰi⁴⁵,,me³³,,,ɕy²¹,ɕy⁵²,dy⁴²,,,ko³³,ɦye⁴²,du³³,ɦiu⁴²,niu³³,ɕiu²¹,tɕʰiu⁴⁵,,ʔu⁵²,,,,xy⁵²,,tɔ⁵²,mɔ³³,,ma²¹,dʑia⁴²,,xua⁴⁵,suai⁵²,ɦuai⁴²,tuai⁴⁵,tuai³³,ɦia⁴²,ɡi⁴²,ŋye⁴⁵,to²¹,tsuai⁵²,tiau³³,,tʰəu³³,tsʰɔ²¹,so³³,bau⁴⁵,dzɔ²¹,ɕiau³³,,ɕi⁵²,tseiŋ⁵²,,niŋ²¹,dzaiŋ⁴²,ʔɔŋ³³,saŋ⁵²,taŋ⁵²,ʔa²¹⁴,ɕia⁵²,,miŋ⁴⁵,tɕʰi²¹⁴,ni⁴²,pein',seiŋ³³,te⁵²,,paiŋ²¹,tsʰe⁵²,kyiŋ⁵²,,kaiŋ⁵²,baiŋ²¹,pai²¹⁴,,niŋ³³,tʰie²¹⁴,lye⁴²,xye²¹⁴,ɦyiŋ⁴²,tɕʰy²¹⁴,,ko²¹⁴,xuai⁵²,sueiŋ⁵²,sueiŋ⁵²,pəŋ⁴⁵,tʰo²¹⁴,tɕyiŋ⁵²,ŋye⁴²,xuain',suaiŋ²¹,suai²¹⁴,,tɕyiŋ³³,,muaiŋ²¹,puaiŋ³³,məŋ⁴⁵,mi⁴²,luein³³,tsueiŋ³³,ty²¹⁴,ɕy²¹⁴,ny⁴²,pʰəŋ⁵²,tsʰəŋ⁵²,,nəŋ³³,təŋ⁵²,pu²¹⁴,kɔ²¹⁴,ly⁴²,tɔŋ³³,sɔŋ⁵²,sɔ²¹⁴,,lɔ⁴²,,ɦiɔŋ³³,tɕio⁵²,nio⁴²,tsʰaŋ⁵²,piaŋ³³,tsaŋ²¹,pa⁵²,miaŋ³³,,,xuaŋ³³,
zhenqian,ki⁵²,pʰi⁴⁵,,me⁴⁴,,,ɬui²¹³,ɬy⁵²,ty²¹,,,koi⁴²,ye⁴²,tu⁴²,iu²¹,niu⁴⁴,ɬiu²¹³,tɕʰiu⁴⁵,,u⁵²,ŋu⁴²,,,hy⁴⁵,,to⁵²,mo⁴⁴,,ma²¹³,tɕia²¹,,ua⁴²,ɬua⁵²,ŋua⁴²,tua⁴⁵,tua⁴²,ia⁴²,kʰi²¹,ŋye⁴⁵,toi²¹³,tsuai⁴⁵,tio⁴⁴,,tʰeu⁴⁴,tsʰo²¹³,ɬoi⁴⁴,peu⁴⁵,tso²¹,ɬio⁴²,,tɕi⁴⁵,tsein',,niŋ²¹³,tsaiŋ⁴²,auŋ⁴²,ɬaŋ⁵²,taŋ⁵²,o²¹³,ɬie⁴⁵,,miŋ⁴⁵,tɕʰi²¹³,ni⁴⁴,paiŋ⁵²,,tœ⁴⁵,,paiŋ²¹³,tsʰœ⁴⁵,kyiŋ⁵²,,kaiŋ⁵²,paiŋ²¹,pai²¹³,,niŋ⁴⁴,tʰie²¹³,lye⁴²,huai²¹³,yiŋ²¹,tsʰui²¹³,,koi²¹³,koi⁴²,ɬuiŋ⁵²,ɬuiŋ⁴⁵,poŋ⁴⁵,tʰua²¹³,tɕyiŋ⁵²,ŋye⁴²,huaiŋ⁵²,ɬuaiŋ²¹³,ɬua²¹³,,tɕyiŋ²¹,,muaiŋ²¹³,puaiŋ⁴²,moŋ⁴⁵,mi⁴²,leuŋ⁴⁴,tseuŋ⁴²,ty²¹³,ɬy²¹³,ny⁴²,pʰoŋ⁵²,tsʰoŋ⁵²,,neuŋ⁴⁵,toŋ⁴⁵,pu²¹³,ku²¹³,ɬu⁴⁵,tauŋ⁴⁴,ɬauŋ⁴⁵,ɬo²¹³,,lo⁴²,,ioŋ⁴²,tɕio⁴⁵,nio⁴²,tsʰaŋ⁵²,piaŋ⁴⁴,tsaŋ²¹³,pa⁴⁵,miaŋ⁴⁴,,,huaŋ⁴⁴,
dikou,ki¹³²,pʰi⁵⁵,,mi²¹³,,,ɬy³³,ɬy¹³²,tʰy²¹³,,,koi²²,yɛ⁴¹,ty⁴¹,iu²¹,niu²¹³,ɬiu³³,tsʰiu⁵⁵,,u¹³²,ŋu⁴¹,,,hy²⁴³,,tɔ¹³²,mɔ²¹³,,ma³³,tsʰia²¹,,hua²²²¹³,ɬua¹³²,ŋua⁴¹,tua⁵⁵,tua²²,ia⁴¹,ki²¹,ŋyɛ⁵⁵,toi³³,tsua²⁴³,tiɔ²¹³,,tʰeu²¹³,tsʰɔ³³,ɬoi²¹³,peu⁵⁵,tsɔ²¹,ɬiɔ²²,,ɬi²⁴³,tseiŋ¹³²,,niɛ³³,tsai⁴¹,aŋ²²,ɬa¹³²,ta¹³²,a⁵⁵,ɬia²⁴³,,miɛ⁵⁵,tsʰi⁵⁵,ni⁴¹,pai¹³²,ɬai²¹³,tai²⁴³,,pai³³,tsʰai²⁴³,kyɛ¹³²,,kai¹³²,pai²¹,pai⁵⁵,,niɛ²¹³,tʰiɛ⁵⁵,yɛ⁴¹,huai⁵⁵,yɛ²¹,tsʰy⁵⁵,,koi⁵⁵,koi⁴¹,ɬui¹³²,ɬui²⁴³,pui⁵⁵,tʰoi⁵⁵,tsyɛ¹³²,ŋyɛ⁴¹,huai¹³²,ɬuai³³,ɬua⁵⁵,,tsiɛ²¹³,,muai³³,puai²²,mɔŋ⁵⁵,mui⁴¹,lœyŋ²¹³,tsœyŋ²²,ty⁵⁵,ly³³,ny⁴¹,pʰɔŋ¹³²,tsʰɔŋ¹³²,,nœyŋ⁵⁵,tɔŋ²⁴³,pu⁵⁵,ku⁵⁵,ly⁴¹,taŋ²¹³,liɔ⁴¹,ɬɔ⁵⁵,,lɔ⁴¹,,iɔ⁴¹,tsiɔ²⁴³,niɔ⁴¹,tsʰa¹³²,pia²¹³,tsaŋ³³,pa²⁴³,mia²¹³,,,huaŋ²¹³,
changle,tsie⁴⁴,,,,,pui⁵³,tsui²²,tsy⁴⁴,,,sa³⁴³,kie⁴⁴,pui⁴⁴,,pʰu⁵³,ŋu⁵³,tsʰiu²²,tsʰieu²¹¹,ku⁴⁴,,,muɔ²¹¹,,huɔ³⁴³,tsʰuɔ²¹¹,,,,,sia⁵³,,,,ŋui²²,tuai³⁴³,,sie⁵³,,,tøy²²,,,,tʰau⁵³,,,,,,,,,,,,,,,ak²³,,,,,nik⁵,,siŋ⁵³,tiʔ⁵,,,tsʰɛik⁵,,,,,,,,,siek⁵,haik²³,suŋ⁵³,tsʰouk²³,,,,,lɔuŋ³⁴³,puɔŋ³⁴³,,,,kaŋ⁴⁴,,,,,,,,,møyk⁵,,,tøyk²³,,,pʰuŋ⁴⁴,,,,,pouk²³,,løyk⁵,touŋ⁵³,laŋ³⁴³,,,,,,,luoʔ⁵,tsʰiaŋ⁴⁴,,,,,tiaŋ²²,,,
lianjiang,tsie⁴⁴,,,,,pui⁵²,tsy²³,tsy⁴⁴,,,sɛ²³²,kie⁴⁴,pui⁴⁴,,pʰu⁵²,ŋu⁵²,tsʰiu²³,tsʰiu²¹³,ku⁴⁴,,,muo²¹³,,huo²³²,tsʰuo²¹³,,,,,sia⁵²,,,,ŋuai²³,tuai²³²,,sie⁵²,,,tøy²³,,,,tʰau⁵²,,,,,,,,,,,,,,,aʔ¹²,,,,,niʔ⁵,,siŋ⁵²,tiʔ⁵,,,tsʰeiʔ⁵,,,,,,,,,sieʔ⁵,heiʔ¹²,suŋ⁵²,tsʰuʔ¹²,,,,,louŋ²³²,puoŋ²³²,,,,kaŋ⁴⁴,,,,,,,,,møyʔ⁵,,,tyʔ¹²,,,pʰuŋ⁴⁴,,,,,poʔ¹²,,løyʔ⁵,touŋ⁵²,laŋ²³²,,,,,,,nyoʔ⁵,tsʰiaŋ⁴⁴,,,,,tiaŋ²³,,,
pingtan,tsie⁵³,,,,,pui⁴⁴,tsui⁴²³,tsy⁵³,,,sɛ³¹,kie⁵³,pui⁵³,,pʰu⁴⁴,ŋu⁴⁴,tsʰiu⁴²³,tsʰiɛu²¹,ku⁵³,,,muɔ²¹,,huɔ³¹,tsʰuɔ²¹,,,,,sia⁴⁴,,,,ŋua⁴²³,tua³¹,,sia⁴⁴,,,toi⁴²³,,,,tʰau⁴⁴,,,,,,,,,,,,,,,aʔ¹,,,,,niʔ⁵,,siŋ⁴⁴,tiʔ⁵,,,tsʰeʔ⁵,,,,,,,,,sieʔ⁵,hɛʔ¹,suŋ⁴⁴,tsʰoʔ¹,,,,,lɔŋ³¹,puɔŋ³¹,,,,kaŋ⁵³,,,,,,,,,møʔ⁵,,,tøʔ¹,,,pʰuŋ⁵³,,,,,poʔ¹,,løyʔ⁵,toŋ⁴⁴,laŋ³¹,,,,,,,nyoʔ⁵,tsʰaŋ⁵³,,,,,tiaŋ⁴²³,,,
yongtai,tsie⁴⁴,,,,,puoi⁵³,tsuoi³¹,tsy⁴⁴,,,,kie⁴⁴,pui⁴⁴,,pʰu⁵³,ŋu⁵³,tsʰiu³¹,tsʰiɛu²¹²,ku⁴⁴,,,muo²¹²,,huo²⁴²,tsʰuɔ²¹²,,,,,sia⁵³ / tsʰia²⁴²,,,,ŋuoi³¹,tuai²⁴²,,sie⁵³,,,tuoi³¹,,,,tʰau⁵³,,,,,,,,,,,,,,,aʔ³,,,,,niʔ⁵,,siŋ⁵³,tiʔ⁵,,,tsʰeiʔ⁵,,,,,,,,,sieʔ⁵,heiʔ³,suŋ⁵³,tsʰuʔ³,,,,,lɔuŋ²⁴²,puoŋ²⁴²,,,,kaŋ⁴⁴,,,,,,,,,meiʔ⁵,,,tyʔ³,,,pʰuŋ⁴⁴,,,,,puʔ³,,løyʔ⁵,touŋ⁵³,laŋ²⁴²,,,,,,,nuoʔ⁵,tsʰiaŋ⁴⁴,,,,,tiaŋ³¹,,,
minqing,tsie⁴⁴,,,,,puoi⁴²,tsuoi³¹,tsy⁴⁴,,,sɛ²⁴²,kie⁴⁴,pui⁴⁴,,pʰu⁴²,ŋu⁴²,tsʰiu³¹,tsʰiu²¹,ku⁴⁴,,,nuɔ²¹,,huo²⁴²,tsʰuɔ²¹,,,,,sia⁴²,,,,ŋuai³¹,tuai²⁴²,,sie⁴²,,,toi³¹,,,,tʰau⁴²,,,,,,,,,,,,,,,aʔ³,,,,,niʔ⁵,,siŋ⁴²,tiʔ⁵,,,tsʰeiʔ⁵,,,,,,,,,sieʔ⁵,heiʔ³,suŋ⁴²,tsʰuʔ³,,,,,loŋ²⁴²,puoŋ²⁴²,,,,kaŋ⁴⁴,,,,,,,,,møyʔ⁵,,,tyʔ³,,,pʰuŋ⁴⁴,,,,,puʔ³,,løʔ⁵,toŋ⁴²,laŋ²⁴²,,,,,,,nyoʔ⁵,tsʰiaŋ⁴⁴,,,,,tiaŋ³¹,,,
pingnan,tsie⁴⁴,,,,,pui²²,tsuoi³¹,tsy⁴⁴,,,sɛ²¹³,kie⁴⁴,pui⁴⁴,,pʰu²²,ŋu²²,tsʰiu³¹,tsʰieu⁵⁴⁵,ku⁴⁴,,,muɔ⁵⁴⁵,,huo²¹³,tsʰuo⁵⁴⁵,,,,,sia²²,,,,ŋuai³¹,tuai²¹³,,sie²²,,,toi³¹,,,,tʰau²²,,,,,,,,,,,,,,,aʔ⁵,,,,,niʔ³,,siŋ²²,tik³,,,tsʰeiʔ³,,,,,,,,,sieʔ³,heiʔ⁵,suŋ²²,tsʰuʔ⁵,,,,,louŋ²¹³,puoŋ²¹³,,,,kaŋ⁴⁴,,,,,,,,,møʔ³,,,tyʔ⁵,,,pʰuŋ⁴⁴,,,,,puʔ⁵,,løʔ³,touŋ²²,laŋ²¹³,,,,,,,nyoʔ³,tsʰaŋ⁴⁴,,,,,tiaŋ³¹,,,
luoyuan,tsie⁴⁴²,,,,,pui²²¹,tsy²¹,tsy⁴⁴²,,,sɛ²¹³,kie⁴⁴²,pui⁴⁴²,,pʰu²²¹,ŋu²²¹,tsʰiu²¹,tsʰiu³⁵,ku⁴⁴²,,,muo³⁵,,huo²¹³,tsʰuo³⁵,,,,,sia²²¹ / tsʰie²¹³,,,,ŋui²¹,tui²¹³,,sia²²¹,,,tui²¹,,,,tʰau²²¹,,,,,,,,,,,,,,,ak²,,,,,nik⁵,,siŋ²²¹,tik⁵,,,tsʰiek⁵,,,,,,,,,siek⁵,heik²,suŋ²²¹,tsʰuk²,,,,,lɔŋ²¹³,puoŋ²¹³,,,,kaŋ⁴⁴²,,,,,,,,,møk⁵,,,tyk²,,,pʰuŋ⁴⁴²,,,,,puk²,,løyk⁵,toŋ²²¹,laŋ²¹³,,,,,,,nyoʔ⁵,tsʰaŋ⁴⁴²,,,,,tiaŋ²¹,,,
zhouning,tsi⁴⁴,,,,,poi²¹,tsyi⁴²,tsy⁴⁴,,,sɛ²¹³,ki⁴⁴,pui⁴⁴,,pʰo²¹,ŋo²¹,tsʰiu⁴²,tsʰeu²⁴,ku⁴⁴,,,mu²⁴,,hu²¹³,tsʰu²⁴,,,,,tsʰiɛ²¹,,,,uɔ⁴²,tuɔ²¹³,,siɛ²¹,,,tai⁴²,,,,tʰau²¹,,,,,,,,,,,,,,,ak⁵,,,,,nek²,,sɛŋ²¹,tek²,,,tsʰɛk²,,,,,,,,,sieʔ²,hɛk⁵,θun²¹,tsʰot⁵,,,,,lɔn²¹,pun²¹³,,,,kan⁴⁴,,,,,,,,,mik²,,,tøʔ⁵,,,pʰuŋ⁴⁴,,,,,puk⁵,,lœk²,tɔŋ²¹,laŋ²¹³,,,,,,,nyʔ²,tsʰaŋ⁴⁴,,,,,tiaŋ⁴²,,,
chongan,ki⁵³,hei⁵⁵,lei²²,mie³³⁴,tsʰie³³⁴,pou³³⁴,sy³¹,sy⁵³,lou²²,wai²²,lai⁵⁵,kai⁵³,y⁵³,lu²²,wieu²² ,ŋiu³³⁴,siu³¹,tsʰiu⁵⁵,wu³¹,u⁵³,ŋu²² ,mu⁵⁵,tou³³⁴,,tsʰu²²,tau⁵³,mau²²,-,ma³¹,lia²²,tsia²²,ua⁵³,suai⁵³,ŋuai⁵³,tuai⁵⁵,tuai²²,yai³³⁴,ji²²,ŋyai⁵⁵,tui³¹,tsuai⁵³,tiu³³⁴,kieu⁵³,hieu³³⁴,tʰau³¹,sui³³⁴,mau³³⁴,lau³¹,siu²²,xəŋ³³⁴,si⁵³,tsiŋ⁵³,liŋ³³⁴,niŋ³¹,laŋ³¹,oŋ²²,saŋ⁵³,taŋ⁵³,a²⁴,,iŋ⁵³,miŋ⁵⁵,tʰei²⁴,nei⁵³,paiŋ⁵³,seŋ³³⁴,tie⁵³,tsʰaiŋ²²,paiŋ³¹,tsʰie⁵³,kyiŋ⁵³,kʰou²⁴,kaiŋ⁵³,waiŋ³¹,pai²⁴,a²⁴,ŋiŋ³³⁴ / nieŋ³³⁴ ,hi²⁴,jyai⁵³,xuai²⁴,jyiŋ²²,tsʰy²⁴,kou⁵³,kui²⁴,,suiŋ⁵³,suiŋ⁵⁵,piŋ⁵⁵,hui²⁴,tsyiŋ⁵³,ŋy⁵³,xuaiŋ⁵³,suaiŋ²²,syai²⁴,luai⁵³,tsuaiŋ³³⁴,lyaiŋ²²,muaiŋ³¹,puaiŋ²²,məŋ⁵⁵ / maiŋ⁵⁵,mie⁵³,ləŋ³³⁴,tsəŋ³¹,tou²⁴,sy²⁴,nou⁵³,həŋ⁵³,tʰəŋ⁵³,ləŋ²²,nəŋ³³⁴,təŋ⁵⁵,pu²⁴,ku²⁴,su⁵³,toŋ³³⁴,soŋ⁵⁵,so²⁴,to⁵³,lo⁵³,ioŋ³³⁴,jioŋ²²,tsio⁵³,ŋio⁵³,tʰaŋ⁵³,piaŋ³³⁴,tsaŋ³¹,pa⁵³,miaŋ³³⁴,tiaŋ³¹,tsʰia²⁴,xoŋ³³⁴,yiŋ³³⁴
jian'ou,ki⁵⁴,pʰi⁴⁴,ti⁴³,mi²²,tsʰɛ²²,py²²,sy²¹,sy⁵⁴,ty²²,pai²¹,tsai⁴⁴,kai⁵⁴,yɛ²¹,ty⁴³,iu²¹,niu²²,siu²¹,tsʰiu⁴⁴,u²¹,u⁵⁴,ŋu⁴³,,ty²²,xou⁴⁴,tsʰio²²,tau⁵⁴,,pa²²,ma²¹,tsia²¹,tsia²²,ua⁴³,suɛ⁵⁴,uɛ⁴³,tuɛ⁴⁴,tuɛ²²,yɛ²²,ki²¹,ŋyɛ⁴⁴,to²¹,tso⁴⁴,tiau²²,ke⁵⁴,tʰe²²,tsʰau²¹,so²²,miau²²,tsau²¹,siau²²,xoiŋ²²,si⁴⁴ / si⁵⁴,tseŋ⁵⁴,,nieŋ²¹,tsaŋ²¹,oŋ²²,saŋ⁵⁴,taŋ⁵⁴,a³⁵,,iŋ⁵⁴,mieŋ⁴⁴,tsʰi³⁵,ni⁴³,paiŋ⁵⁴,saiŋ²²,tɛ⁴⁴,,paiŋ²¹,,kyeŋ⁵⁴,,kaiŋ⁵⁴,paiŋ²¹,pai³⁵,ɛ³⁵,nieŋ²²,tʰiɛ³⁵,yɛ⁴³,xuai³⁵,yeŋ²¹,tsʰy³⁵,ky⁴⁴,ko³⁵,ko⁴³,soŋ⁵⁴,soŋ⁴⁴,pueŋ⁴⁴,tʰo³⁵,tsyeŋ⁵⁴,ŋyɛ⁴³,xueŋ⁵⁴,sueŋ²¹,suɛ³⁵,tsuɛ⁴³,tsyeŋ²²,tyeŋ⁴³,mueŋ²¹,pueŋ²²,moŋ⁴⁴,mɛ⁴³,loiŋ²²,tsoiŋ²¹,ty³⁵,sy³⁵,ny⁴³,pʰoŋ⁵⁴,tsʰoŋ⁵⁴,toŋ²¹,noŋ⁴⁴,toŋ⁴⁴,pu³⁵,ku³⁵,ly⁴³,,lioŋ⁴³,sɔ³⁵,tɔ⁴⁴,lɔ⁴³,ioŋ²²,ioŋ⁴³,tsiɔ⁴⁴,niɔ⁴³,tsʰaŋ⁵⁴,piaŋ²²,tsaŋ²¹,pa⁴⁴,miaŋ²²,tiaŋ²¹,tsʰia³⁵,xuaŋ²²,yeŋ²¹
shufang,ki⁵³,pʰɔi⁴³,tɔi³²,me³³,tsʰe³³,pø³³,sy²¹,sy⁵³,hy³³ / tø³³ ,pai³¹,,kai⁵³,ye³¹,to³²,iu³¹,niu,siu²¹,tsʰiu⁴³,o³¹,o⁵³,ŋo³²,mɔ⁴³ ,tø³³,xy³²,tsʰiɔ³²,tau⁵³,mau³³,pa³³,ma²¹,tsia³¹,tsia³²,ua⁴³,soe⁵³,ŋoe³¹,toe⁴³,toe³²,ye³³,ki³¹,ŋye⁴³,tui²¹,tsoe⁴³,tiu³³,keu⁵³,heu³³,tʰau²¹,sui³³,mau³³,tsau²¹,siu³²,xyiŋ³³,si⁴³,tsiŋ⁵³,liŋ³³,nieŋ²¹,tsaŋ³¹,oŋ³²,saŋ⁵³,taŋ⁵³,a³⁵,,iŋ⁵³,miŋ⁴³,tʰɔi³⁵,nɔi⁴³,peiŋ⁵³,sioŋ³³,te⁴³,tsʰeiŋ³³,peiŋ²¹,tsʰe⁴³,kyeŋ⁵³,,keiŋ⁵³,peiŋ²¹,pai³⁵,,niŋ³³,hi³⁵,lø⁴³,xoe³⁵,yeŋ³¹,tsʰy³⁵,ky⁴³,kuei³⁵,kuei⁴³,suŋ⁵³,suŋ⁵³,poŋ⁴³,hui⁴³,tsyeŋ⁵³,nye⁴³,xoeŋ⁵³,soeŋ²¹,sø³⁵ ,tsoe⁴³,tsyeŋ³³,toeŋ³²,mɔiŋ²¹ / moeŋ²¹ ,pɔiŋ³²,moŋ⁴³,me⁴³,lyeŋ³³,tsyiŋ²¹,tø³⁵,sy³⁵,nø⁴³,pʰoŋ³²,tʰoŋ⁵³,toŋ³¹,noŋ⁴³,toŋ⁵³,po³⁵,ko³⁵,so⁴³,toŋ³³,soŋ⁵³,sɔ³⁵,tɔ⁴³,lɔ⁴³,ioŋ³³,ioŋ³²,tsiɔ⁴³,ŋiɔ⁴³,tʰaŋ³²,piaŋ³³,tsaŋ²¹,pa⁴³,miaŋ³³,tiaŋ²¹,,xuaŋ³³,
tongyou,ki⁵³,pʰoi⁴³ / hoi⁴³,loi³²,me³³,tʰe³³,py³³,sy²¹,sy⁵³,hy³³ / ly³¹,vai³¹,lai⁴³,kai⁵³,ye³¹,lo³²,iu³¹,niu³³,siu²¹,tsʰiu⁴³,o²¹,o⁵³,ŋo³²,mo⁴³ ,ty³³,xy⁴³,tsʰiɔ³²,tau⁵³,mau³²,va³¹,ma²¹,lia³¹,tsia³²,ua³²,sue⁵³,ŋue³¹,tue⁴³,tue³²,ye³³,i³¹ / ki³¹,ŋye⁴³,tui²¹,tsue⁴³,tio³³,keu⁵³,heu³³,tʰau²¹,sui³³,mau³³,lau²¹,sio³²,xeŋ³³,si⁴³,tsiŋ⁵³,,nieŋ²¹,laŋ³¹,ɔŋ³²,saŋ⁵³,taŋ⁵³,a³⁵,siɛ⁴³,,miŋ⁴³,tʰoi⁴³,noi⁴³,paiŋ⁵³,sioŋ³³,te⁴³,tsʰaiŋ³³,paiŋ²¹,tʰe⁴³,kyeŋ⁵³,kʰy³⁵,kaiŋ⁵³,vaiŋ²¹,pai³⁵,,nieŋ³²,hie³⁵,lye⁴³,xue³⁵,yeŋ³¹,tsʰy³⁵,ky⁴³,kui³⁵,kui⁴³,suŋ⁵³,suŋ³²,puŋ⁴³,,tsyeŋ⁵³,nye⁴³,xueŋ⁵³,sueŋ²¹,sue³⁵,lue⁴³,tsyeŋ³³,lyeŋ³²,moiŋ²¹,poiŋ³²,moŋ⁴³,me⁴³,leŋ³³,,ty³⁵,sy³⁵,ny⁴³,pʰoŋ⁵³,tsʰoŋ⁵³,loŋ³¹,noŋ⁴³,toŋ³²,po³⁵,ko³⁵,so⁴³,tɔŋ³³,sɔŋ³²,sɔ³⁵,tɔ⁴³,lɔ⁴³,ioŋ³³,ioŋ³²,tsio⁴³,nio⁴³,tʰaŋ⁵³,piaŋ³³,tsaŋ²¹,pa⁴³,miaŋ³³,tiaŋ²¹,tsʰia³⁵,xuaŋ³³,yeŋ³³
jianyang,,,,,tʰe³³⁴,,,sy⁵³,ly⁴¹,,,kai⁵³,,lo³³²,ɦiu⁴¹,niu³³⁴,siu²¹,tsʰiu⁴³,,o⁵³,ŋo³³²,mo⁴³,,xy³³²,,tau⁵³,mau³³⁴,,ma²¹,lia⁴¹,tsia³³²,kua³³²,sue⁵³,βue⁴¹,tue⁴³,tue³³²,ye³³⁴,,ŋye⁴³,tui²¹,,tiɔ³³⁴,kəu⁵³,həu³³⁴,tʰau²¹,sui³³⁴,mau³³⁴,lau²¹,siɔ³³²,xeiŋ³³⁴,,tsiŋ⁵³,lieiŋ³³⁴,,laŋ²¹,ɔŋ³³²,saŋ⁵³,laŋ⁵³ / taŋ⁵³,a²¹⁴,,ieiŋ⁵³,mieiŋ³³²,tʰɔi²¹⁴,nɔi⁴,paiŋ⁵³,siɔŋ³³⁴ / sieiŋ³³⁴,te⁴,,paiŋ²¹,tʰe⁴,kyeiŋ⁵³,,kaiŋ⁵³,βaiŋ²¹,pai²¹⁴,,nieiŋ³³⁴,hie²¹⁴,lye⁴,xue²¹⁴,ɦyeiŋ⁴¹,tsʰy²¹⁴,ky⁴,kui²¹⁴,kui⁴,suŋ⁵³,suŋ³³²,puŋ⁴³,hui²¹⁴ / hue²¹⁴,,ŋye⁴,xueiŋ⁵³,sueiŋ²¹,sue²¹⁴,,tsyeiŋ³³⁴,lyeiŋ³³²,mɔiŋ²¹,pɔiŋ³³²,moŋ⁴³,,leiŋ³³⁴,,ty²¹⁴,sy²¹⁴,ny⁴,pʰoŋ⁵³,tʰoŋ⁵³,,noŋ⁴¹,leiŋ³³²,po²¹⁴,ko²¹⁴,so⁴,tɔŋ³³⁴,sɔŋ³³²,sɔ²¹⁴,,lɔ⁴,iɔŋ³³⁴,ɦiɔŋ³³²,tsiɔ⁴,,tʰaŋ⁵³,βɔiŋ³³⁴,,pa⁴,miaŋ³³⁴,tiaŋ²¹/tɔiŋ²¹,,xuaŋ³³⁴,yeiŋ³³⁴
songxi,ki⁵²,pʰei⁴⁵,,mie⁴⁴,tsʰie⁴⁴,py⁴⁴,sy²²³,sy⁵²,,,,ka⁵²,hœ⁴¹,tɒu⁴¹,iu³¹,niu⁴⁴,siu²²³,tsʰiu⁴⁵,,u⁵²,ŋu⁴¹,mu⁴⁵,,hœy⁴⁵,,to⁵²,mo⁴⁴,,mɒ²²³,tsia³¹,tsia³³,hua⁴¹,sua⁵²,ŋua⁴¹,tua⁴⁵,tua³³,œ⁴⁴,ki³¹,ŋœ⁴⁵,,tsua⁴⁵,tio⁴⁴,ka⁵²,tʰa⁴⁴,tsʰo²²³,suei⁴⁴,ma⁴⁴,tso³¹,sio³³,hœyŋ³¹,si⁴⁵ / tsi⁴⁵,tseiŋ⁵²,liŋ⁴⁴,,tsaŋ⁴¹,aŋ³³,saŋ⁵²,taŋ⁵²,o²²⁴,sia⁴⁵,iŋ⁵²,miŋ⁴⁵,tsʰei²²⁴,niŋ⁴¹/nei⁴¹,paŋ⁵²,sioŋ⁴⁴,tei⁴¹,,paŋ²²³,tsʰœ⁴⁵,kyŋ⁵²,,kaŋ⁵²,paŋ³¹,pa²²⁴,,niŋ⁴⁴,tʰie²²⁴,lœ⁴¹,hua²²⁴,hyŋ³¹,tsʰy²²⁴,ky⁴⁵,kuei²²⁴,kuei⁴¹,sueiŋ⁵²,sueiŋ⁴⁵,poŋ⁴⁵,tʰuei²²⁴,,ŋœ⁴¹,hueiŋ⁵²,sueiŋ²²³,sua²²⁴,,tsyŋ⁴⁴,lueiŋ²²³,mueiŋ²²³,pueiŋ³³,moŋ⁴⁵,mi⁴¹,lœyŋ⁴⁴,,tœy²²⁴,sy²²⁴,nœy⁴¹,pʰoŋ⁵²,tsʰoŋ⁵²,,noŋ⁴⁵,toŋ⁴⁵,pu²²⁴,ko²²⁴ / ku²²⁴,sɒu⁴¹,taŋ⁴⁴,saŋ⁴⁵,so²²⁴,,lo⁴¹,ioŋ⁴⁴,hioŋ⁴¹,tsio⁴⁵,,tsʰaŋ⁵²,piaŋ⁴⁴,tsaŋ²²³,pɒ⁴⁵,miaŋ⁴⁴,tiaŋ²²³,,huaŋ⁴⁴,yŋ⁴⁴
yongchun,ki⁴⁴,pʰi²²,li⁵³,bi²⁴,tsai²⁴,,,tsɯ⁴⁴,tʰɯ²⁴,-,tsue²²,kue⁴⁴,,,pʰu²⁴,gu²⁴,tsʰiu⁵³,chhiū,kɔ⁴⁴,ɔ⁴⁴,gɔ²²,bɔ²²,tu²⁴,huo²²,tsʰuo²¹,to⁴⁴,mŋ²⁴,pe²⁴,be⁵³,tsʰia²⁴,tsia²¹,ue²²,sua,gua⁵³,tua²²,tua²¹,tsua²⁴,kʰia²⁴,gua²²,tə⁵³,tsə²²,tiau²⁴,kau⁴⁴,tʰau²⁴,tsʰau⁵³,lui²⁴,ba²⁴,tsa⁵³,tsʰio²¹,him²⁴,tsap⁵,tsam⁴⁴,,,tsam⁴⁴,am²¹,sã⁴⁴,tã²¹,aʔ⁴³,,,bin²²,tsʰit⁴³,lit⁵,piŋ⁴⁴,,tit⁵,tsʰan²⁴,pan⁵³,tsʰat⁵,kyŋ⁴⁴,kʰit⁴³,,puĩ⁵³,pueʔ⁴³,at⁴³,nĩ²⁴,tʰiʔ⁴³,tsiʔ⁵,huiʔ⁴³,tsun²⁴,tsʰut⁴³,kut⁵,kut⁴³,kut⁵,sŋ⁴⁴,nŋ²²,pŋ²²,,tsŋ⁴⁴,gəʔ⁵,kuã⁴⁴,saŋ⁵³,suaʔ⁴³,tsuaʔ⁵,tsuã²⁴,,muã⁵³,puã²¹,,,,,,,,,,,,,,,,,,,,,,,,,,,,,,,,,ieŋ²⁴
xiamen,ki⁵⁵,pʰĩ³³,li⁵¹,bai²⁴,tsai²⁴,pui²⁴,tsui⁵¹,tsu⁵⁵,tʰi²⁴,pai²⁴,tsue³³,kue⁵⁵,pe⁵⁵,tue³³,pʰu²⁴,gu²⁴,tsʰiu⁵¹,tsʰiu³³,kɔ,ɔ⁵⁵,gɔ⁵¹,bong³³,tu²⁴,hɔ³³,tsʰu¹¹,to⁵⁵,mŋ²⁴,pe²⁴,be⁵¹,tsʰia²⁴,tsia¹¹,ui³³,sua⁵⁵,gua⁵¹,tua³³,tua¹¹,tsua²⁴,kʰia²⁴,gua³³,te⁵¹,tse³³,tiau²⁴,kau⁵⁵,tʰau²⁴,tsʰau⁵¹,lui²⁴,ba²⁴,tsa⁵¹,tsʰio¹¹,him²⁴,tsap⁵⁵,tsiam⁵⁵,nĩ²⁴,nĩ⁵¹,tsiam⁵⁵,am¹¹,sã⁵⁵,tã¹¹,aʔ³²,,in⁵⁵,bin³³,tsʰit³²,dzit⁵⁵,,sin²⁴,tit⁵⁵,tsʰan²⁴,pan⁵¹,tsʰat⁵⁵,kun⁵⁵,kʰit³²,kiŋ⁵⁵,piŋ⁵¹,pueʔ³²,,nĩ²⁴,tʰiʔ³²,tsiʔ⁵⁵,huiʔ³²,tsun²⁴,tsʰut³²,kut⁵⁵,kut³²,kut⁵⁵,sŋ⁵⁵,nŋ³³,pŋ³³,tʰeʔ³²,tsŋ⁵⁵,geʔ⁵⁵,kuã⁵⁵,suã¹¹,suaʔ³²,tsuaʔ⁵⁵,tsuã²⁴,tuã⁵¹,muã⁵¹,puã¹¹,baŋ³³,bak⁵⁵,liŋ²⁴,tsiŋ⁵¹,tik³²,tsik³²,,pʰaŋ⁵⁵,tsʰaŋ⁵⁵,taŋ²⁴,laŋ²⁴,taŋ³³,pak³²,kak³²,,tŋ²⁴,nŋ³³,soʔ³²,toʔ⁵⁵,loʔ⁵⁵,iũ²⁴,tsiũ³³,tsioʔ⁵⁵,hioʔ⁵⁵,tsʰĩ⁵⁵,pĩ²⁴,tsĩ⁵¹,peʔ⁵⁵,miã²⁴,tiã⁵¹,tsʰiaʔ³²,huãi²⁴,ĩ²⁴
nan'an,ki³³,pʰi³¹,,bi²⁴,tsai²⁴,pui²⁴,tsui⁵⁵,tsɯ³³,tʰɯ²⁴,,,kue³³,pə³³,tue¹¹,pʰu²⁴,gu²⁴,tsʰiu⁵⁵,tsʰiu³¹,,ɔ³³,gɔ⁵⁵,bɔ³¹,,hɔ¹¹,,to³³,mŋ²⁴,,be⁵⁵,tsʰia²⁴,tsia³¹,ue³¹,sua³³,gua⁵⁵,tua³¹,tua³¹,tsua²⁴,kʰia²⁴,gua³¹,tə⁵⁵,,tiau²⁴,kau³³,tʰau²⁴,tsʰau⁵⁵,lui²⁴,ba²⁴,tsa⁵⁵,tsʰio³¹,him²⁴,tsap³,tsam³³,nuĩ²⁴,,tsam³³,am³¹,sã³³,tã³¹,aʔ⁵,sit³,ian³³,bin³¹,tsʰit⁵,lit³,,sin²⁴,tit³,,pan⁵⁵,tsʰat³,kən³³,,,puĩ⁵⁵,pueʔ⁵,,nĩ²⁴,tʰiʔ⁵,tsiʔ³,huiʔ⁵,tsun²⁴,tsʰut⁵,kut³,kut⁵,kut³,sŋ̩³³,nŋ̩¹¹,pŋ̩³¹,tʰeʔ⁵,,gəʔ³,kuã³³,suã³¹,,,tsuã²⁴,,muã⁵⁵,puã³¹,baŋ³¹,bak³,liŋ²⁴,,tik⁵,tsik⁵,hik³,pʰaŋ³³,tsʰaŋ³³,,,,pak⁵,kak⁵,lak³,tŋ̩²⁴,niũ⁵⁵,soʔ⁵,,loʔ³,iũ²⁴,tsiũ³¹,tsioʔ³,,tsʰĩ³³,pĩ²⁴,tsĩ⁵⁵,peʔ⁵,miã²⁴,tiã⁵⁵,,huĩ²⁴,ĩ²⁴
jinjiang,ki³³,pʰi³¹,,bi²⁴,tsai²⁴,pui²⁴,tsui⁵⁵,,tʰi²⁴,,,kue³³,pe³³,tue³³,pʰu²⁴,gu²⁴,tsʰiu⁵⁵,tsʰu³¹,,ɔ³³,gɔ⁵⁵,bɔ³¹,,hɔ³³,,to³³,mɔ̃²⁴,,be⁵⁵,tsʰia²⁴,tsia³¹,ue³¹,sua³³,gua⁵⁵,tua³³,tua⁴¹,tsua²⁴,kʰia²⁴,gua⁴¹,te⁵⁵,tse³³,tiau²⁴,kau³³,tʰau²⁴,tsʰau⁵⁵,lui²⁴,ba²⁴,tsa⁵⁵,tsʰio⁴¹,,tsap²⁴,tsam³³,liam²⁴,,tsam³³,am³¹,sã³³,tã³¹,aʔ⁵⁵,,ian³³,bin³¹,,,,,,,pan⁵⁵,,,,,puɪ̃⁵⁵,pueʔ⁵⁵,,,tʰiʔ⁵⁵,tsiʔ²⁴,huiʔ⁵⁵,tsun²⁴,,,,kut²⁴,sŋ³³,lan³³,pŋ³¹,tʰeʔ⁵⁵,,geʔ³⁴,kuã³³,suã³¹,suaʔ⁵⁵,,tsuã²⁴,,muã⁵⁵,puã³¹,,,,,,,,,,,,,,,,,,,,,,,,,,,,,,,,,ɪ̃²⁴
zhangping,ki²⁴,pʰĩ⁴⁴,li⁵¹,bai²²,tsai²²,pui²²,tsui⁵¹,,,,tsei²²,kei²⁴,pie²⁴,tiu⁴⁴,pʰu²²,gu²²,tsʰiu⁵¹,tsʰiu²¹,kou²⁴,ou²⁴,goŋ⁴⁴,bong²¹,ti²²,hɔ²¹,tsʰu²¹,to²⁴,muã²⁴ ,pia²² ,bia⁵¹,sia²² ,,ui⁴⁴,sua²⁴,gua⁵¹,tua²²,tua²¹,tsua²²,,gua²²,,tsie⁴⁴,tiau²²,kau²⁴,tʰau²²,tsʰau⁵¹,lui²²,ba²²,tsa⁵¹,tsʰo²¹,him²²,tsiap⁴,tsiam²⁴,,,tsam²⁴,am²¹,sã²⁴,tã²¹,a³²,,,bin²¹,tsʰit³²,lit⁴,pin²⁴,sin²²,tit⁴,tsʰan²²,pan⁵¹,tsʰat⁴,kin²⁴,kʰit³²,kẽi²⁴,pẽi⁵¹,pei³²,at³² ,nĩ²²,tʰi³²,tsi⁴,hui³²,tsun²²,tsʰit³²,kut⁴ ,kut³²,kut⁴,soŋ²⁴,loŋ⁴⁴,pũi²²,,tsũ²⁴,gie⁴⁴,kuã²⁴,suã²¹,,tsuo³² ,tsuã²²,tuã⁴⁴,muã⁵¹,puã²¹,baŋ²¹,bak⁴,loŋ²²,tsoŋ⁵¹,tiok³²,tsok³²,giok⁴ ,pʰaŋ²⁴,tsʰaŋ²⁴,,,taŋ⁴⁴,pak³²,kak³²,lak⁴,tŋ²²,nŋ⁴⁴,so³²,to⁴⁴,lo⁴⁴,giŋ²²,tsoŋ⁴⁴,tso⁴⁴,liŋ⁴⁴,tsʰ'ĩ²⁴,pĩ²²,tsĩ⁵¹,pia⁴,miã²²,tiã⁵¹,tsʰa³²,huĩ²²,
zhangpu,ki⁵⁵,pit¹⁴/pĩ³³,,bai²¹³,tsai²¹³,pui²¹³,tsui⁵³,si⁵⁵,ti²¹³,,,kiei⁵⁵,puɛ⁵⁵,tɛ³³,pʰu²¹³,gu²¹³,tsʰiu⁵³,tsʰiu³³,,ɔu⁵⁵,gɔũ⁵³,,,hɔu³³,,to⁵⁵,bŋ²¹³,,bɛ⁵³,tsʰia²¹³,tsia¹¹,uɛ³³,sua⁵⁵,gɔũ⁵³,tua³³,tua¹¹,tsua²¹³,kʰia²¹³,gua³³,,tsɛ³³,tiau²¹³,kau⁵⁵,tʰau²¹³,so⁵³,lui²¹³,ba²¹³,tsa⁵³,tsʰiau¹¹,him²¹³,tsap¹⁴,tsam⁵⁵,liam²¹³,,tsam⁵⁵,am¹¹,sã⁵⁵,tã¹¹,aʔ³²,,ian⁵⁵,bin³³,sit³²,dzit¹⁴,pɛŋ⁵⁵,sin²¹³,tit¹⁴,,,tsʰat¹⁴,kin⁵⁵,,kɛŋ⁵⁵,pɛŋ⁵³,bat³² / pat³²,,lĩ²¹³,tʰiʔ³²,tsiʔ¹⁴,huɛʔ³²,tsuan²¹³,tsʰut³²,kut¹⁴,kut³²,kut¹⁴,suĩ⁵⁵,luĩ³³,puĩ³³,tʰut³²,,guɛʔ¹⁴,kuã⁵⁵,suã¹¹,,,tsuã²¹³,,buã⁵³,puã¹¹,baŋ³³,bak¹⁴,liɔŋ²¹³,,tiɔk³²,,,,saŋ⁵⁵,,laŋ²¹³,taŋ³³,pak³²,kak³²,lak¹⁴,tŋ²¹³,liũ⁵³,soʔ³²,,loʔ¹¹,iũ²¹³,tsʰiũ³³,tsioʔ¹⁴,,sɛŋ⁵⁵,pɛŋ²¹³,tsɛ̃⁵³,pɛʔ¹⁴,biã²¹³,tiã⁵³,,hɛŋ²¹³,
chenghai,ki³³,pʰĩ¹¹,,bai⁵⁵,tsai⁵⁵,pui⁵⁵,tsui⁵²,tsə³³,tʰo⁵⁵,,,koi³³,pue³³,,pʰu⁵⁵,gu⁵⁵,tsʰiu⁵²,tsʰiu¹¹,,ou³³,ŋou³⁵,mo³⁵,,hou³⁵,,to³³,mo⁵⁵,,be⁵²,sia⁵⁵,tsia²¹²,ue¹¹,sua³³,ua⁵²,tua¹¹,tua²¹²,tsua⁵⁵,kʰia⁵⁵,gua¹¹,to⁵²,,tiou⁵⁵,kau³³,tʰau⁵⁵,tsʰau⁵²,lui⁵⁵,ba⁵⁵,tsa⁵²,tsʰie²¹²,hiŋ⁵⁵,tsak⁵,tsaŋ³³,niaŋ⁵⁵,,tsaŋ³³,aŋ²¹²,sã³³,tã²¹²,,,iŋ³³,miŋ¹¹,tsʰik¹,zik⁵,piã³³,siŋ⁵⁵,tik⁵,,paŋ⁵²,tsʰak⁵,kəŋ³³,,koĩ³³,poĩ⁵²,poi¹,,nĩ⁵⁵,tʰiʔ¹,tsiʔ⁵,hueʔ¹,tsuŋ⁵⁵,tsʰuk¹,kuk⁵,kuk¹,kuk⁵,səŋ³³,nəŋ³⁵,puŋ¹¹,tʰuk⁵,,gueʔ⁵,kuã³³,suã²¹²,suaʔ¹,,tsuã⁵⁵,,muã⁵²,puã²¹²,maŋ¹¹,mak⁵,leŋ⁵⁵,,tek¹,tsek¹,nek⁵,pʰaŋ³³,tsʰaŋ³³,,,teŋ³⁵,pak¹,kak¹,lak⁵,təŋ⁵⁵,lo⁵²,soʔ¹,,loʔ⁵,iẽ⁵⁵,tsiẽ³⁵,tsieʔ⁵,,tsʰẽ³³,,tsẽ⁵²,peʔ⁵,miã⁵⁵,tiã⁵²,,huẽ⁵⁵,ĩ⁵⁵
xianyou,ki⁵⁴,pʰi⁵²,,pai²⁴,tsai²⁴,pui²⁴,tsui³²,tsy⁵⁴,tʰy²⁴,,,ke⁵⁴,puoi⁵⁴,tø⁵²,pʰu²⁴,ku²⁴,tsʰiu³²,tsʰiu⁵²,,ɔu⁵⁴,kɔu³²,mɔu⁵²,,hɔu²¹,,tɒ⁵⁴,mɒ²⁴,,pɒ³²,tsʰya²⁴,tsia⁵²,ua²¹,ɬua⁵⁴,kua³²,tua²¹,tua⁵²,ɬya²⁴,kʰi²¹,kua²¹,tø³²,ɬø²¹,,kau⁵⁴,tʰau²⁴,tsʰɒ³²,lui²⁴,pɒ²⁴,tsɒ³²,tsʰieu⁵²,hyøŋ²⁴,ɬɛʔ⁴,tsieŋ⁵⁴,lieŋ²⁴,,tsaŋ⁵⁴,aŋ⁵²,ɬɒ̃⁵⁴,tɒ̃⁵²,ɒ²¹,ɬiʔ⁴,ɛŋ⁵⁴,miŋ⁵²,tsʰiʔ²,liʔ⁴,piŋ⁵⁴,ɬiŋ²⁴,tiʔ⁴,,paŋ³²,tsʰɛʔ⁴,kyŋ⁵⁴,,kĩ⁵⁴,pĩ³²,pɛʔ²,,niŋ²⁴,tʰi²¹,ɬɛʔ²,hyøʔ²,yøŋ²⁴ / ɬuoŋ²⁴,tsʰuoʔ²,kuoʔ⁴,kuoʔ²,kuoʔ⁴,ɬỹ⁵⁴,nỹ²¹,puĩ²¹,,,kuoi²⁴,kuã⁵⁴,ɬuã³²,ɬaʔ²,,ɬyã²⁴,,muã³²,puã⁵²,maŋ⁵²,paʔ⁴,lyøŋ²⁴,,tyøʔ²,tsyøʔ²,nyʔ⁴,pʰaŋ⁵⁴,tsʰaŋ⁵⁴,,naŋ²⁴,taŋ²¹,paʔ²,kaʔ²,laʔ⁴,tŋ²⁴,lŋ³²,ɬo²¹,,lo²⁴,iũ²⁴,ɬiũ²¹,ɬieu²⁴,,tsʰã⁵⁴,pã²⁴,tsã³²,pa⁴,miã²⁴,tiã³²,,huã²⁴,iŋ²⁴
putian,ki⁵³³,pʰi⁴²,,pai¹³,tsai¹³,pui¹³,tsui⁴⁵³,tsy⁵³³,tʰy¹³,,,ke⁵³³,pue⁵³³,tø¹¹,pʰu¹³,ku¹³,tsʰiu⁴⁵³,tsʰiu⁴²,,ɔu⁵³³,kɔu⁴⁵³,mɔu⁴²,,hɔu¹¹,,tɒ⁵³³,mɒ¹³,,pɒ⁴⁵³,ɬia¹³,tsia⁴²,ua¹¹,ɬua⁵³³,kua⁴⁵³,tua¹¹,tua⁴²,ɬyɒ¹³,kʰyɒ¹³,kua¹¹,tø⁴⁵³,ɬø¹¹,tiau¹³,kau⁵³³,tʰau¹³,tsʰɒ⁴⁵³,lui¹³,mɒ⁵³³,tsɒ⁴⁵³,tsʰiau⁴²,hœŋ¹³,ɬɛʔ⁴,tsiaŋ⁵³³,le¹³,,,aŋ⁴²,ɬɒ⁵³³,tɒ⁴²,ɒ¹¹,ɬiʔ⁴,ɛŋ⁵³³,miŋ⁴²,tsʰiʔ²¹,tiʔ⁴ ,piŋ⁵³³,ɬiŋ¹³,tiʔ⁴,,paŋ⁴⁵³,tsʰɛʔ⁴,kyŋ⁵³³,,ke⁵³³,pe⁴⁵³,pɛʔ²¹,,niŋ¹³,tʰi¹¹,ɬɛʔ⁴,hœʔ²¹,ɬɔŋ¹³,tsʰɔʔ²¹,kɔʔ⁴,kɔʔ²¹,kɔʔ⁴,ɬø⁵³³,lø⁴⁵³,pue¹¹,tʰuaʔ²¹,,kue¹¹,kua⁵³³,ɬua⁴⁵³,ɬaʔ²¹,,ɬyɒ¹³,,mua⁴⁵³,pua⁴²,maŋ⁴²,maʔ⁴,lœŋ¹³,,tœʔ²¹,tsœʔ²¹,nœʔ⁴,pʰaŋ⁵³³,tsʰaŋ⁵³³,,naŋ¹³,taŋ¹¹,paʔ²¹,kaʔ²¹,laʔ⁴,tuŋ¹³,luŋ⁴⁵³,ɬo²¹,,lo¹³,iau¹³,ɬiau¹¹,ɬiau¹³,,tsʰa⁵³³,pa¹³,tsa⁴⁵³,pa¹³,mia¹³,tia⁴⁵³,,hua¹³,iŋ¹³
yongan,ki⁵³,pʰi³⁵,ti⁴³,mi³²,tsi³⁵,puei³²,ʃyi²¹,ʃy⁵³,tʰy³² ,pe³²,tse³⁵,ke⁵³,pue⁵³,tau⁴³,pʰaɯ³²,ŋu³²,tʃau²¹,tʃy³⁵,u⁵³,u⁵³,ŋu²¹,,ty³²,hu⁴³,tʃʰɯ³⁵,taɯ⁵³,maɯ³²,pɔ³²,mɔ²¹,tsiɔ³²,tʃɔ³⁵,uo⁴³,suo⁵³,ŋuo⁵³,tɔ³⁵ ,tuo³⁵,ʃya³²,ki³²,,tue²¹,tsue⁴³,to³²,kø⁵³,tʰø³²,,lue³²,mo³²,tsaɯ²¹,tʃiɯ³⁵,hem³²,sɿ⁴³,tʃã⁵³,lẽ³² ,niẽ²¹,tsam⁵³ ,ɔ̆m³⁵,sɔ̃⁵³,tɔ̃⁵³,ɔ¹³,,iẽ⁵³,mẽ³⁵,tsʰi¹³,ni⁴³,pã⁵³,sã³²,ti⁴³,tsʰĩ³²,pĩ²¹,tsʰa⁴³,kuã⁵³,kʰye¹³ ,kĩ⁵³,,pa¹³,,niẽ³²,tʰe¹³,ʃya⁴³,ʃye¹³,ʃyẽ³²,tʃʰyi¹³,kuei⁴³,kuei¹³,kuei⁴³,sŭm⁵³,sŭm⁴³,pŭm³⁵,tue¹³,tʃyẽ⁵³,ŋye⁴³,hŭm⁵³,sŭm²¹,,tsuo⁴³,tsẽ³²,tẽ⁴³,ŭm²¹,pŭm³⁵,mãɯ³⁵,ma⁴³,nem³²,tʃem²¹,ty¹³,ʃy¹³,ŋy⁴³,pʰãɯ⁵³,tsʰãɯ⁵³,tãɯ³²,nãɯ³²,tãɯ⁴³,pu¹³,ku¹³,ly⁴³,tam³²,liam²¹ ,saɯ¹³,,naɯ⁴³,iam³²,ʃiam⁴³,ʃiɯ⁴³,ŋiɯ⁴³,tsʰɔ̃⁵³,piɔ̃³²,tsɔ̃²¹,pɔ⁴³,miɔ̃³²,tiɔ̃²¹,tʃʰɔ¹³,hŭm³²,ye³²
mingxi,ki³³,pʰi²⁴,,mi²¹,tsi²⁴,pʰi²¹,sue³¹,sy³³,,,,ke³³,pø³³,tʰy³¹,pʰau²¹,ŋy²¹,tsʰiu³¹,tsʰy²⁴,,u³³,ŋu³¹,mu⁵⁴,,xy³¹,,tau³³,mau²¹,,mo³¹,tsʰia²¹,tsa²⁴,fo⁵⁴,so³³,vue³¹,,tue²⁴,se²¹,kʰia²¹,,tue³¹,tsʰue³¹,tʰiau²¹,kay³³,tʰay²¹,tsʰau³¹,lue²¹,mau³³,tsʰau³¹,tsʰau²⁴,xiɤŋ²¹,ʃɿ⁵⁴,tsɛŋ³³,lieŋ²¹,,,oŋ²⁴,saŋ³³,taŋ³³,o⁵,,ɛŋ³³,mieŋ²⁴,tsʰi⁵,ŋi⁵⁴,pɛŋ³³,sɛŋ⁵,,,paŋ⁵ / paŋ³¹,tsʰe²⁴,kaiŋ³³,,kaŋ³³,pʰaŋ³¹,pa³¹,,laŋ²¹,tʰa³¹,sø⁵⁴,xø⁵,sieŋ²¹,tsʰø³¹,kʰy⁵,ku⁵,u⁵⁴,suõ³³,,pieŋ⁵⁴,tʰo³¹,,me⁵⁴,kuõ³³,suõ³¹,so³¹,,tsʰieŋ²¹,,muõ³¹,puõ²⁴,mɤŋ⁵⁴,mu⁵⁴,liɤŋ²¹,,tiu⁵,siu⁵,,pʰɤŋ³³,tsʰɤŋ³³,,lɤŋ²¹,tʰɤŋ⁵⁴,pu⁵,kɤ⁵,liu⁵⁴,tʰoŋ²¹,lioŋ³¹,sɤ³¹,,lɤ⁵⁴,ioŋ²¹,soŋ⁵⁴,sɤ⁵⁴,,tsʰiaŋ³³,pʰiaŋ²¹,tsiaŋ³¹,pʰo⁵⁴,miaŋ⁵,tiaŋ³¹,,faiŋ²¹,ieŋ²¹ / vuõ²¹
sanyuan,,pʰi³³,,mi⁴¹,tsa⁴¹,pui⁴¹,ʃyi²¹,ʃy⁵⁵³,tʰy⁴¹,,,kiɛ⁵⁵³,puɛ⁵⁵³,tɑu³⁵³,pʰɒ⁴¹,ŋiɑu⁴¹,tʃʰiɑu²¹,tʃʰy³³,,u⁵⁵³,ŋu²¹,mu³³,,hu³⁵³,,taɯ⁵⁵³,,,mɒ²¹,tsiɒ⁴¹,tʃiɒ³³,ho³³,,ŋɯ²¹,to³³,ta³³,ʃyo⁴¹,ki⁴¹,,tuɛ²¹,tsuɛ³⁵³,tɒ⁴¹,kø⁵⁵³,tʰø⁴¹,tsʰaɯ²¹,luɛ⁴¹,mɒ⁴¹,tsaɯ²¹,tsʰiɯ³³,ʃiam⁴¹,sɿ³⁵³,tʃiã⁵⁵³,laiŋ⁴¹,,tsam⁵⁵³,m³³,sɔ̃⁵⁵³,tɔ̃⁵⁵³,ɒ²¹³,siɒ³⁵³,iã⁵⁵³,maiŋ³³,tsʰi²¹³,ŋi³⁵³,,sã⁴¹,ta³⁵³,,pɛ̃²¹,tsʰa³⁵³,kyaiŋ⁵⁵³,,kɛ̃⁵⁵³,pɛ̃²¹,pɛ²¹³,,ŋaiŋ⁴¹,tʰɛ²¹³,ʃyo³⁵³,ʃyɛ²¹³,ʃyaiŋ⁴¹,tʃʰyi²¹³,kui³⁵³,kui²¹³,kui³⁵³,sŋ⁵⁵³,ʃyɛ̃³⁵³,pŋ³³,tʰuɛ²¹³,,ŋyɛ³⁵³,hŋ⁵⁵³,sŋ²¹,ʃyo²¹³,,tsaiŋ⁴¹,,mŋ²¹,pŋ³³,mã³³,mu³⁵³,lam⁴¹,,ty²¹³,ʃy²¹³,ŋy³⁵³,pʰã⁵⁵³,tsʰã⁵⁵³,,,tã³⁵³,pu²¹³,kɯ²¹³,ly³⁵³,tam⁴¹,liam²¹,saɯ²¹³,,laɯ³⁵³,iam⁴¹,ʃiam³⁵³,tʃiɯ³⁵³,,tsʰɔ̃⁵⁵³,piɔ̃⁴¹,tsɔ̃²¹,pɒ³⁵³,miɔ̃⁴¹,tiɔ̃²¹,,hŋ⁴¹,yaiŋ⁴¹
shaxian,tsɿ³³,pʰi²⁴,,mi³¹,tsʰai³¹,pui³¹,ʃye²¹,ʃy³³,tʰy³¹,,,kie³³,pyi³³,tu⁵³,pʰo³¹,iu³¹,tsʰio²¹,tsʰiu²⁴,,u³³,go²¹,mu²⁴,,xu⁵³,,to³³,bɔ²¹²,,ba²¹,tsia³¹,tsia²⁴,xua⁵³,sua³³,gua³³,tua²⁴,tai²⁴,sua³¹,ki³¹,gya²⁴,tuɛ²¹,tsue⁵³,tau³¹,,tʰau³¹,tsʰɔ²¹,lui³¹,bau³¹,tsɔ²¹,tsʰo²⁴,xœyŋ³¹,sɿ⁵³,tsɛiŋ³³,nɪ̃³¹,,tsaŋ³³,ɔ̃²⁴,sɔ̃³³,tɔ̃³³,a²¹²,sia⁵³,ɪ̃³³,mɪ̃²⁴,tsʰe²¹²,ŋɪ̃⁵³,pɔɪ̃³³,sɛiŋ³¹,tai⁵³,,pɔɪ̃²¹,tsʰai⁵³,kyɪ̃³³,,kɔɪ̃³³,pɔɪ̃²¹,pe²¹²,,ŋɪ̃³¹,tʰiɛ²¹²,sua⁵³,ʃyɛ²¹²,ʃyɪ̃³¹,tʃʰye²¹²,kui⁵³,kue²¹²,kui⁵³,suɪ̃³³,suɪ̃⁵³,puɪ̃²⁴,tʰuɛ²¹²,,ye⁵³,xuɪ̃³³,suẽ²¹,sua²¹²,,tsɪ̃³¹,,muẽ²¹,puɪ̃²⁴,bɔuŋ²⁴,mu⁵³,lœyŋ³¹,,tø²¹²,ʃø²¹²,gy⁵³,pʰɔuŋ³³,tsʰɔuŋ³³,,lɔuŋ²⁴,tɔuŋ⁵³,po²¹²,ko²¹²,ly⁵³,taŋ³¹,liŋ²¹,sɔ²¹²,,lo⁵³,iŋ³¹,siŋ²⁴,tso⁵³,,tsʰɔ̃³³,piɔ̃³¹,tsɔ̃²¹,pa⁵³,miɔ̃³¹,tiɔ̃²¹,,xuɪ̃³¹,yɪ̃³¹
jiangle,tʃi⁵⁵,pʰi³²⁴,,mi²²,tsʰi²¹,pʰi²²,ʃy⁵¹,ʃy⁵⁵,,,,ke⁵⁵,pe⁵⁵,tʰy⁵¹,,ŋy²²,tʃʰiu⁵¹,tʃʰy³²⁴,,u⁵⁵,ɤŋ⁵¹,,,fy⁵¹,,tau⁵⁵,mau²¹,,ma⁵¹,tsʰia²²,tʃa³²⁴,fa²³¹,sæ⁵⁵,ŋo⁵¹,tæ²³¹,tæ³²⁴,ʃe²²,kʰia²²,ŋuæ²³¹,tuæ⁵¹,tsʰuæ²¹,tʰiau²²,keu⁵⁵,tʰeu²¹/tʰeu²²,,leu²²,mau²¹,,tʃʰau³²⁴,,ʃi⁵,tʃɪ̃⁵⁵,,,tsɔŋ⁵⁵,ɔŋ³²⁴,saŋ⁵⁵,taŋ⁵⁵,a⁵¹,i⁵,iɛ̃⁵⁵,miɛ̃³²⁴,tsʰi⁵,ŋi³²⁴,pɛ̃⁵⁵,ʃỹ²² / ʃuɪ̃²²,tʰa⁵,,pɛ̃²¹,tsʰa³²⁴,kɛ̃⁵⁵,,kɛ̃⁵⁵,pʰɛ̃⁵¹,pa⁵¹,,ŋiɛ̃²²,tʰa⁵¹,ʃe⁵,ʃe⁵¹,ʃuɛ̃²²,tʃʰiu⁵¹ / tʃʰy⁵¹,kʰy⁵,ku⁵¹,u⁵,suɛ̃⁵⁵,ʃuɛ̃⁵¹,pʰɛ̃²³¹,tʰo⁵¹,,ŋue⁵,kuɛ̃⁵⁵,sɛ̃⁵¹,ʃo⁵¹,,tsʰyø̃²²,,muɛ̃⁵¹,puɛ̃³²⁴,mɤŋ²³¹,mu³²⁴,liuŋ²²,,tiu²¹,ʃu⁵¹,ŋiu³²⁴,pʰɤŋ⁵⁵,,,lɤŋ³²⁴,tʰɤŋ⁵¹,pu²¹,ko²¹,ʃu³²⁴,,liɔŋ⁵¹,so⁵¹,,,iɔŋ²²,ʃɔŋ⁵¹,ʃo⁵,,tsʰiaŋ⁵⁵,pʰiaŋ²²,tsiaŋ⁵¹,pʰa⁵,miaŋ²¹,tiaŋ⁵¹,,fuɪ̃²²,yø̃²² / ŋuɛ̃²²
taining,,pʰei⁵¹,,muai³³,tsei²¹,pʰui³³,sui³⁵⁴,sy²¹,hy⁵¹,,,koi²¹,pʰø³⁵⁴,hy³⁵⁴,pʰy³³,ny³³,,,,u²¹,nu³⁵⁴,mu²¹³,,xy³⁵⁴,,to²¹,mo²¹³,,,tʰia³³,,xua²¹³,sai²¹,no³⁵⁴,hai²¹³,tai⁵¹,,kʰæ³³,,,tʰuai³⁵⁴,hiau³³,,hei³³/hei⁵¹,,luai³³,,,tsʰu⁵¹,xyuŋ³³,si²¹,tsin²¹,lien³³,nien³⁵⁴,,oŋ⁵¹,saŋ²¹,,a³⁵⁴,,,mien⁵¹,tsʰei³⁵⁴,ni²¹,pon²¹ / pən²¹,syn³³,hoi²¹,,pan³⁵⁴,,køn²¹,,kan²¹,,pæ³⁵⁴,,nan⁵¹,hie²¹,sie²¹,xyø³⁵⁴,søn³³,,kʰy²¹,kui³⁵⁴,ui²¹,suan²¹,suan³⁵⁴,,,,nø²¹,kuan²¹,,sua³⁵⁴,,tʰøn³³,,muan³⁵⁴,puan⁵¹,,mu²¹,,,tiu³⁵⁴,siu³⁵⁴,,,tʰuŋ²¹,,nuŋ⁵¹,hyuŋ²¹³,pu³⁵⁴,ko³⁵⁴,su⁵¹,hoŋ³³,lioŋ³⁵⁴,so³⁵⁴,,lo⁵¹,ioŋ³³,,sio²¹,,tʰiaŋ²¹,pʰiaŋ³³,tsiaŋ³⁵⁴,pʰa²¹,miaŋ⁵¹,tiaŋ³⁵⁴,,xun³³,yøn³³ / uan³³
jianning,,pʰi⁴⁵,,mi²¹³,tsʰi²¹³,,fi⁵⁵,tsʰə³⁴ / si³⁴,tʰə²¹³,,,kie³⁴,,tʰə⁵⁵,,ŋəu²¹³,,,,u³⁴,ŋu⁵⁵,mu⁴⁵,,,,tau³⁴,mau²¹³,,,tsʰia²¹³,,fa⁴⁵,sa³⁴,ŋa⁵⁵,hai⁴⁵,tai²¹,,kʰi²¹³,,,tʰɔ⁵⁵,hiau²¹³,,həu²¹³,,lei²¹³,miau²¹³,,siau²¹,hiuŋ²¹³,sip⁵,tsim³⁴,liam²¹³,ŋiam⁵⁵,,,sam³⁴,tam³⁴,ap²,,ien³⁴,mien²,tsʰit²,ŋit⁵,pəŋ³⁴,,,,pan⁵⁵,,kən³⁴,,kien³⁴,,pat²,,nien²¹³,hiet²,siet⁵,hiet²,sien²¹³,,kʰuit²,kut²,uat⁵,sɔn³⁴,,,,,uət⁵,kɔn²¹,,,,tsʰien²¹³,,mɔn⁵⁵,pɔn²¹,,muk⁵,,,,su²¹³,,,tʰuŋ³⁴,,nuŋ²¹³,tʰuŋ⁴⁵,,,,tʰɔŋ²¹³,liɔŋ⁵⁵,sɔk²,,lɔk⁵,iɔŋ²¹³,sɔŋ⁴⁵,sak⁵,,tsʰiaŋ³⁴,pʰiaŋ²¹³,tsiaŋ⁵⁵,pʰak⁵,miaŋ²¹³,tiŋ⁵⁵,,uaŋ²¹³,vien²¹³
shaowu,ki²¹,pʰi¹³,li⁵⁵,mi²²,tsʰi²²,pʰi²²,suei⁵⁵,ʃy²¹,,pʰie²²,,kai²¹,pʰei⁵⁵,,pʰiau²²,ŋy²²,ʃou⁵⁵,tʃʰy¹³,u⁵⁵,u²¹ ,ŋ⁵⁵,mio¹³,,hy⁵⁵,tʃʰo¹³,tau²¹,mau³⁵,,ma⁵⁵,tsʰia²²,tʃa¹³,fa³⁵,sai²¹,,tʰai³⁵,tai¹³,ʃi²²,kʰi²²,,,tsʰoi⁵⁵,tʰiau²²,kəu²¹,tʰəu⁵³,tsʰau⁵⁵,luei²²,mau⁵³,tsʰau⁵⁵,siau¹³,hiuŋ²²,ʃin³⁵,tʃin²¹,,nien⁵⁵,tson²¹,on¹³,san²¹,tan¹³,an⁵³,,ien²¹,min¹³,tsʰi⁵³,ni³⁵,pen²¹,,tʰə³⁵,tsʰen⁵³,pan⁵⁵,tsʰə⁵³,ken²¹,,kien²¹,pʰien²¹ ,pie⁵³,,nin⁵³,tʰie⁵³,ʃe³⁵,fie⁵³,ʃen²²,tsʰuei⁵³,,kuei⁵³,uei³⁵,son²¹,son⁵⁵,pʰən³⁵,,tʃen²¹,ye³⁵,hon²¹,san⁵⁵,soi⁵³,tʰai³⁵,tʰien²²,,,pon¹³,muŋ¹³ ,mə³⁵,liuŋ²²,tʃuŋ⁵⁵,ty⁵³,ʃy⁵³,ny⁵³,pʰiuŋ²¹,tsʰuŋ²¹,tʰuŋ²²,nuŋ⁵³,tʰuŋ⁵⁵,py⁵³,ko⁵³,su⁵³,tʰoŋ²²,lioŋ⁵⁵,so⁵³,,lo³⁵,ioŋ²²,ʃoŋ⁵⁵,ʃo³⁵,nio⁵³,tsʰaŋ²¹,pʰiaŋ²²,tsiaŋ⁵⁵,pʰa³⁵,miaŋ⁵³,tiaŋ⁵⁵,tʃʰa⁵³,faŋ⁵³,uən²²
heping,ki²⁴,pʰi⁴⁵,liʔ⁴,mi¹³,tɕi⁴⁵ ,pʰi¹³,sui³³,ɕy²⁴,hy¹³ ,pʰæ¹³,,kei²⁴,pʰeiʔ⁴,hyʔ⁴,pʰo¹³,ŋy¹³,ɕiu³³,tɕʰy⁴⁵,uʔ⁴,u²⁴,ŋu³³,mu⁴⁵,tʰy¹³ ,hy³³,tɕʰio⁴⁵,to²⁴,mo⁴⁴,pʰa¹³,maʔ⁴,tʰia¹³,tɕia⁴⁵,fa⁴⁴,sai²⁴,,hai⁴⁴,tai⁴⁵,ɕiw¹³,kʰie¹³,,,tʰoiʔ⁴,hieu¹³,kəu²⁴,heu³¹,tʰo³³,lui¹³,mau³¹,tsʰoʔ⁴,sieu⁴⁵,hiuŋ¹³,ɕimʔ⁴,tɕim²⁴,læm⁴⁵,niemʔ⁴,tsom²⁴,om⁴⁵,sam²⁴,tam⁴⁵,am³¹,,ien²⁴,min⁴⁵,tʰi³¹,niʔ⁴,pen²⁴,,heʔ⁴,tʰen³¹,pan³³,tʰe³¹,ken²⁴,kʰei³¹ ,kien²⁴,pʰæn²⁴,pa³¹,,nin³¹,hæ³¹,,fæ³¹,ɕien¹³,tsʰui³¹,,kui³¹,uiʔ⁴,son²⁴,son³³,pʰun⁴⁴,hui³¹,tɕien²⁴,væʔ⁴,hon²⁴,san³³,soi³¹,tʰaiʔ⁴,tʰæn¹³,,monʔ⁴,pon⁴⁵,muŋ⁴⁵,meʔ⁴,liuŋ¹³,tɕiuŋ³³,ty³¹,ɕy³¹,ny³¹,pʰuŋ²⁴,tʰun³¹²⁴,,nuŋ³¹,hŋʔ⁴,pu³¹,ko³¹,su³¹,hoŋ¹³,lioŋʔ⁴,so³¹,,,ioŋ¹³,ɕioŋʔ⁴,ɕioʔ⁴,nio³¹,tʰaŋ²⁴,pʰiaŋ¹³,tsiaŋ³³,pʰa⁴,miaŋ³¹,tiaŋ³³,tɕʰia³¹,faŋ³¹,
gaotang,ki⁴⁴,pʰi²⁴,ni²¹,mi¹³,tsʰi¹³,pʰy¹³,ʃy³¹,ʃy⁴⁴,,pʰai¹³,,ke⁴⁴,pʰø²¹,tʰy²¹,pʰo¹³,ŋy¹³,tʃʰiu³¹,tʃʰy²⁴,ku⁴⁴,u⁴⁴ ,ŋu³¹,muŋ⁵² ,tʰy¹³,fy³¹,tʃʰo²⁴,to⁴⁴,mo⁵²,pʰa¹³,ma²¹,tsʰia¹³,tʃia²⁴,fa⁵²,sai⁴⁴,ŋai²¹,tʰai⁵²,tai²⁴,ʃe¹³,kʰie¹³,,,tsʰuai²¹,tʰiau¹³,keu⁴⁴,tʰeu²¹,tsʰo³¹,leu¹³,mau²¹,tsʰo²¹,tsʰiau²⁴,ʃiuŋ¹³,ʃi⁵⁴,tʃiŋ⁴⁴,,nieŋ²¹,tsoŋ⁴⁴,oŋ²⁴,saŋ⁴⁴,,a³¹,,ieŋ⁴⁴,mieŋ²⁴,tsʰi³¹,ŋi²⁴,piŋ⁴⁴,sieŋ²¹,tʰi⁵⁴,tsʰãi²¹,pãi²¹,tsʰa²⁴,kãi⁴⁴,,kãi⁴⁴,pʰãi²¹,pa³¹,,nieŋ²¹,tʰa³¹,ʃe⁵⁴,fia³¹,ʃø̃¹³,tʃʰy³¹,kʰy⁵⁴,kuei²¹,uei⁵⁴,suãi⁴⁴,ʃuãi³¹,pʰø̃⁵²,,tʃø̃⁴⁴,ŋø⁵⁴,kuãi⁴⁴,sãi³¹,,tsʰa⁵⁴,tsʰø̃¹³,,muãi³¹,puãi²⁴,muŋ⁵²,me⁵⁴,liuŋ¹³,tʃiuŋ³¹,ty²¹,ʃy³¹,ŋy²⁴,pʰuŋ⁴⁴,tsʰuŋ⁴⁴,tʰuŋ¹³,luŋ²⁴,tʰuŋ²¹,pu³¹,ko³¹,ʃy²⁴,tʰoŋ¹³,nioŋ²¹,so³¹,tʰo⁵⁴,lo⁵⁴,ioŋ¹³,ʃioŋ²¹,ʃio⁵⁴,ŋio²⁴,tsʰiaŋ⁴⁴,pʰiaŋ¹³,tsiaŋ³¹,pʰa⁵⁴,miaŋ²¹,tiaŋ³¹,tʃʰia²¹,faŋ²¹,vø¹³ / uãi¹³
